lp,"nr pasażera PEKA",data,linia - kierunek,"godzina wejścia","godzina wyjścia","czas podróży(min)","przystanek wejściowy","przystanek wyjściowy","liczba przejechanych przystanków"
1,1,2025-10-05,7 połabska,09:00:00,09:30:00,00:30:00,ogrody OGDY42,kórnicka KORN45,19
2,2,2025-10-05,7 połabska,09:00:00,09:30:00,00:30:00,ogrody OGDY42,kórnicka KORN45,19
3,3,2025-10-05,7 połabska,09:00:00,09:30:00,00:30:00,ogrody OGDY42,kórnicka KORN45,19
4,4,2025-10-05,7 połabska,09:00:00,09:30:00,00:30:00,ogrody OGDY42,kórnicka KORN45,19
5,5,2025-10-05,7 połabska,09:00:00,09:30:00,00:30:00,ogrody OGDY42,kórnicka KORN45,19
6,6,2025-10-05,7 połabska,09:00:00,09:30:00,00:30:00,ogrody OGDY42,kórnicka KORN45,19
7,7,2025-10-05,7 połabska,09:00:00,09:30:00,00:30:00,ogrody OGDY42,kórnicka KORN45,19
8,8,2025-10-05,7 połabska,09:00:00,09:30:00,00:30:00,ogrody OGDY42,kórnicka KORN45,19
9,9,2025-10-05,7 połabska,09:00:00,09:30:00,00:30:00,ogrody OGDY42,kórnicka KORN45,19
10,10,2025-10-05,7 połabska,09:00:00,09:30:00,00:30:00,ogrody OGDY42,kórnicka KORN45,19
11,11,2025-10-05,7 połabska,09:00:00,09:30:00,00:30:00,ogrody OGDY42,kórnicka KORN45,19
12,12,2025-10-05,7 połabska,09:00:00,09:30:00,00:30:00,ogrody OGDY42,kórnicka KORN45,19
13,13,2025-10-05,7 połabska,09:00:00,09:30:00,00:30:00,ogrody OGDY42,kórnicka KORN45,19
14,14,2025-10-06,7 połabska,09:00:00,09:30:00,00:30:00,ogrody OGDY42,kórnicka KORN45,19
15,15,2025-10-06,7 połabska,09:00:00,09:30:00,00:30:00,ogrody OGDY42,kórnicka KORN45,19
16,16,2025-10-06,7 połabska,09:00:00,09:30:00,00:30:00,ogrody OGDY42,kórnicka KORN45,19
17,17,2025-10-06,7 połabska,09:00:00,09:30:00,00:30:00,ogrody OGDY42,kórnicka KORN45,19
18,18,2025-10-06,7 połabska,09:00:00,09:30:00,00:30:00,ogrody OGDY42,kórnicka KORN45,19
19,19,2025-10-06,7 połabska,09:00:00,09:30:00,00:30:00,ogrody OGDY42,kórnicka KORN45,19
20,20,2025-10-06,7 połabska,09:00:00,09:30:00,00:30:00,ogrody OGDY42,kórnicka KORN45,19
21,21,2025-10-06,7 połabska,09:00:00,09:30:00,00:30:00,ogrody OGDY42,kórnicka KORN45,19
22,22,2025-10-06,7 połabska,09:00:00,09:30:00,00:30:00,ogrody OGDY42,kórnicka KORN45,19
23,23,2025-10-06,7 połabska,09:00:00,09:30:00,00:30:00,ogrody OGDY42,kórnicka KORN45,19
24,24,2025-10-06,7 połabska,09:00:00,09:30:00,00:30:00,ogrody OGDY42,kórnicka KORN45,19
25,25,2025-10-06,7 połabska,09:00:00,09:30:00,00:30:00,ogrody OGDY42,kórnicka KORN45,19
26,26,2025-10-06,7 połabska,09:00:00,09:30:00,00:30:00,ogrody OGDY42,kórnicka KORN45,19
27,27,2025-10-06,7 połabska,09:00:00,09:30:00,00:30:00,ogrody OGDY42,kórnicka KORN45,19
28,28,2025-10-07,7 połabska,09:00:00,09:30:00,00:30:00,ogrody OGDY42,kórnicka KORN45,19
29,29,2025-10-07,7 połabska,09:00:00,09:30:00,00:30:00,ogrody OGDY42,kórnicka KORN45,19
30,30,2025-10-07,7 połabska,09:00:00,09:30:00,00:30:00,ogrody OGDY42,kórnicka KORN45,19
31,31,2025-10-07,7 połabska,09:00:00,09:30:00,00:30:00,ogrody OGDY42,kórnicka KORN45,19
32,32,2025-10-07,7 połabska,09:00:00,09:30:00,00:30:00,ogrody OGDY42,kórnicka KORN45,19
33,33,2025-10-07,7 połabska,09:00:00,09:30:00,00:30:00,ogrody OGDY42,kórnicka KORN45,19
34,34,2025-10-07,7 połabska,09:00:00,09:30:00,00:30:00,ogrody OGDY42,kórnicka KORN45,19
35,35,2025-10-07,7 połabska,09:00:00,09:30:00,00:30:00,ogrody OGDY42,kórnicka KORN45,19
36,36,2025-10-07,7 połabska,09:00:00,09:30:00,00:30:00,ogrody OGDY42,kórnicka KORN45,19
37,37,2025-10-07,7 połabska,09:00:00,09:30:00,00:30:00,ogrody OGDY42,kórnicka KORN45,19
38,38,2025-10-07,7 połabska,09:00:00,09:30:00,00:30:00,ogrody OGDY42,kórnicka KORN45,19
39,39,2025-10-07,7 połabska,09:00:00,09:30:00,00:30:00,ogrody OGDY42,kórnicka KORN45,19
40,40,2025-10-07,7 połabska,09:00:00,09:30:00,00:30:00,ogrody OGDY42,kórnicka KORN45,19
41,41,2025-10-07,7 połabska,09:00:00,09:30:00,00:30:00,ogrody OGDY42,kórnicka KORN45,19
42,42,2025-10-07,7 połabska,09:00:00,09:30:00,00:30:00,ogrody OGDY42,kórnicka KORN45,19
43,43,2025-10-07,7 połabska,09:00:00,09:30:00,00:30:00,ogrody OGDY42,kórnicka KORN45,19
44,44,2025-10-07,7 połabska,09:00:00,09:30:00,00:30:00,ogrody OGDY42,kórnicka KORN45,19
45,45,2025-10-07,7 połabska,09:00:00,09:30:00,00:30:00,ogrody OGDY42,kórnicka KORN45,19
46,46,2025-10-07,7 połabska,09:00:00,09:30:00,00:30:00,ogrody OGDY42,kórnicka KORN45,19
47,47,2025-10-07,7 połabska,09:00:00,09:30:00,00:30:00,ogrody OGDY42,kórnicka KORN45,19
48,48,2025-10-07,7 połabska,09:00:00,09:30:00,00:30:00,ogrody OGDY42,kórnicka KORN45,19
49,49,2025-10-07,7 połabska,09:00:00,09:30:00,00:30:00,ogrody OGDY42,kórnicka KORN45,19
50,50,2025-10-07,7 połabska,09:00:00,09:30:00,00:30:00,ogrody OGDY42,kórnicka KORN45,19
51,51,2025-10-07,7 połabska,09:00:00,09:30:00,00:30:00,ogrody OGDY42,kórnicka KORN45,19
52,52,2025-10-07,7 połabska,09:00:00,09:30:00,00:30:00,ogrody OGDY42,kórnicka KORN45,19
53,53,2025-10-07,7 połabska,09:00:00,09:30:00,00:30:00,ogrody OGDY42,kórnicka KORN45,19
54,54,2025-10-07,7 połabska,09:00:00,09:30:00,00:30:00,ogrody OGDY42,kórnicka KORN45,19
55,55,2025-10-07,7 połabska,09:00:00,09:30:00,00:30:00,ogrody OGDY42,kórnicka KORN45,19
56,56,2025-10-07,7 połabska,09:00:00,09:30:00,00:30:00,ogrody OGDY42,kórnicka KORN45,19
57,57,2025-10-07,7 połabska,09:00:00,09:30:00,00:30:00,ogrody OGDY42,kórnicka KORN45,19
58,58,2025-10-07,7 połabska,09:00:00,09:30:00,00:30:00,ogrody OGDY42,kórnicka KORN45,19
59,59,2025-10-07,7 połabska,09:00:00,09:30:00,00:30:00,ogrody OGDY42,kórnicka KORN45,19
60,60,2025-10-07,7 połabska,09:00:00,09:30:00,00:30:00,ogrody OGDY42,kórnicka KORN45,19
61,61,2025-10-08,7 połabska,09:00:00,09:30:00,00:30:00,ogrody OGDY42,kórnicka KORN45,19
62,62,2025-10-08,7 połabska,09:00:00,09:30:00,00:30:00,ogrody OGDY42,kórnicka KORN45,19
63,63,2025-10-08,7 połabska,09:00:00,09:30:00,00:30:00,ogrody OGDY42,kórnicka KORN45,19
64,64,2025-10-08,7 połabska,09:00:00,09:30:00,00:30:00,ogrody OGDY42,kórnicka KORN45,19
65,65,2025-10-08,7 połabska,09:00:00,09:30:00,00:30:00,ogrody OGDY42,kórnicka KORN45,19
66,66,2025-10-08,7 połabska,09:00:00,09:30:00,00:30:00,ogrody OGDY42,kórnicka KORN45,19
67,67,2025-10-08,7 połabska,09:00:00,09:30:00,00:30:00,ogrody OGDY42,kórnicka KORN45,19
68,68,2025-10-08,7 połabska,09:00:00,09:30:00,00:30:00,ogrody OGDY42,kórnicka KORN45,19
69,69,2025-10-08,7 połabska,09:00:00,09:30:00,00:30:00,ogrody OGDY42,kórnicka KORN45,19
70,70,2025-10-08,7 połabska,09:00:00,09:30:00,00:30:00,ogrody OGDY42,kórnicka KORN45,19
71,71,2025-10-08,7 połabska,09:00:00,09:30:00,00:30:00,ogrody OGDY42,kórnicka KORN45,19
72,72,2025-10-08,7 połabska,09:00:00,09:30:00,00:30:00,ogrody OGDY42,kórnicka KORN45,19
73,73,2025-10-08,7 połabska,09:00:00,09:30:00,00:30:00,ogrody OGDY42,kórnicka KORN45,19
74,74,2025-10-08,7 połabska,09:00:00,09:30:00,00:30:00,ogrody OGDY42,kórnicka KORN45,19
75,75,2025-10-08,7 połabska,09:00:00,09:30:00,00:30:00,ogrody OGDY42,kórnicka KORN45,19
76,76,2025-10-08,7 połabska,09:00:00,09:30:00,00:30:00,ogrody OGDY42,kórnicka KORN45,19
77,77,2025-10-08,7 połabska,09:00:00,09:30:00,00:30:00,ogrody OGDY42,kórnicka KORN45,19
78,78,2025-10-08,7 połabska,09:00:00,09:30:00,00:30:00,ogrody OGDY42,kórnicka KORN45,19
79,79,2025-10-09,7 połabska,09:00:00,09:30:00,00:30:00,ogrody OGDY42,kórnicka KORN45,19
80,80,2025-10-09,7 połabska,09:00:00,09:30:00,00:30:00,ogrody OGDY42,kórnicka KORN45,19
81,81,2025-10-09,7 połabska,09:00:00,09:30:00,00:30:00,ogrody OGDY42,kórnicka KORN45,19
82,82,2025-10-09,7 połabska,09:00:00,09:30:00,00:30:00,ogrody OGDY42,kórnicka KORN45,19
83,83,2025-10-09,7 połabska,09:00:00,09:30:00,00:30:00,ogrody OGDY42,kórnicka KORN45,19
84,84,2025-10-09,7 połabska,09:00:00,09:30:00,00:30:00,ogrody OGDY42,kórnicka KORN45,19
85,85,2025-10-09,7 połabska,09:00:00,09:30:00,00:30:00,ogrody OGDY42,kórnicka KORN45,19
86,86,2025-10-09,7 połabska,09:00:00,09:30:00,00:30:00,ogrody OGDY42,kórnicka KORN45,19
87,87,2025-10-09,7 połabska,09:00:00,09:30:00,00:30:00,ogrody OGDY42,kórnicka KORN45,19
88,88,2025-10-09,7 połabska,09:00:00,09:30:00,00:30:00,ogrody OGDY42,kórnicka KORN45,19
89,89,2025-10-09,7 połabska,09:00:00,09:30:00,00:30:00,ogrody OGDY42,kórnicka KORN45,19
90,90,2025-10-09,7 połabska,09:00:00,09:30:00,00:30:00,ogrody OGDY42,kórnicka KORN45,19
91,91,2025-10-09,7 połabska,09:00:00,09:30:00,00:30:00,ogrody OGDY42,kórnicka KORN45,19
92,92,2025-10-09,7 połabska,09:00:00,09:30:00,00:30:00,ogrody OGDY42,kórnicka KORN45,19
93,93,2025-10-09,7 połabska,09:00:00,09:30:00,00:30:00,ogrody OGDY42,kórnicka KORN45,19
94,94,2025-10-09,7 połabska,09:00:00,09:30:00,00:30:00,ogrody OGDY42,kórnicka KORN45,19
95,95,2025-10-09,7 połabska,09:00:00,09:30:00,00:30:00,ogrody OGDY42,kórnicka KORN45,19
96,96,2025-10-09,7 połabska,09:00:00,09:30:00,00:30:00,ogrody OGDY42,kórnicka KORN45,19
97,97,2025-10-09,7 połabska,09:00:00,09:30:00,00:30:00,ogrody OGDY42,kórnicka KORN45,19
98,98,2025-10-09,7 połabska,09:00:00,09:30:00,00:30:00,ogrody OGDY42,kórnicka KORN45,19
99,99,2025-10-09,7 połabska,09:00:00,09:30:00,00:30:00,ogrody OGDY42,kórnicka KORN45,19
100,100,2025-10-09,7 połabska,09:00:00,09:30:00,00:30:00,ogrody OGDY42,kórnicka KORN45,19
101,101,2025-10-10,7 połabska,09:00:00,09:30:00,00:30:00,ogrody OGDY42,kórnicka KORN45,19
102,102,2025-10-10,7 połabska,09:00:00,09:30:00,00:30:00,ogrody OGDY42,kórnicka KORN45,19
103,103,2025-10-10,7 połabska,09:00:00,09:30:00,00:30:00,ogrody OGDY42,kórnicka KORN45,19
104,104,2025-10-10,7 połabska,09:00:00,09:30:00,00:30:00,ogrody OGDY42,kórnicka KORN45,19
105,105,2025-10-10,7 połabska,09:00:00,09:30:00,00:30:00,ogrody OGDY42,kórnicka KORN45,19
106,106,2025-10-10,7 połabska,09:00:00,09:30:00,00:30:00,ogrody OGDY42,kórnicka KORN45,19
107,107,2025-10-10,7 połabska,09:00:00,09:30:00,00:30:00,ogrody OGDY42,kórnicka KORN45,19
108,108,2025-10-10,7 połabska,09:00:00,09:30:00,00:30:00,ogrody OGDY42,kórnicka KORN45,19
109,109,2025-10-10,7 połabska,09:00:00,09:30:00,00:30:00,ogrody OGDY42,kórnicka KORN45,19
110,110,2025-10-10,7 połabska,09:00:00,09:30:00,00:30:00,ogrody OGDY42,kórnicka KORN45,19
111,111,2025-10-10,7 połabska,09:00:00,09:30:00,00:30:00,ogrody OGDY42,kórnicka KORN45,19
112,112,2025-10-10,7 połabska,09:00:00,09:30:00,00:30:00,ogrody OGDY42,kórnicka KORN45,19
113,113,2025-10-10,7 połabska,09:00:00,09:30:00,00:30:00,ogrody OGDY42,kórnicka KORN45,19
114,114,2025-10-10,7 połabska,09:00:00,09:30:00,00:30:00,ogrody OGDY42,kórnicka KORN45,19
115,115,2025-10-10,7 połabska,09:00:00,09:30:00,00:30:00,ogrody OGDY42,kórnicka KORN45,19
116,116,2025-10-10,7 połabska,09:00:00,09:30:00,00:30:00,ogrody OGDY42,kórnicka KORN45,19
117,117,2025-10-10,7 połabska,09:00:00,09:30:00,00:30:00,ogrody OGDY42,kórnicka KORN45,19
118,118,2025-10-10,7 połabska,09:00:00,09:30:00,00:30:00,ogrody OGDY42,kórnicka KORN45,19
119,119,2025-10-11,7 połabska,09:00:00,09:30:00,00:30:00,ogrody OGDY42,kórnicka KORN45,19
120,120,2025-10-11,7 połabska,09:00:00,09:30:00,00:30:00,ogrody OGDY42,kórnicka KORN45,19
121,121,2025-10-11,7 połabska,09:00:00,09:30:00,00:30:00,ogrody OGDY42,kórnicka KORN45,19
122,122,2025-10-11,7 połabska,09:00:00,09:30:00,00:30:00,ogrody OGDY42,kórnicka KORN45,19
123,123,2025-10-11,7 połabska,09:00:00,09:30:00,00:30:00,ogrody OGDY42,kórnicka KORN45,19
124,124,2025-10-11,7 połabska,09:00:00,09:30:00,00:30:00,ogrody OGDY42,kórnicka KORN45,19
125,125,2025-10-11,7 połabska,09:00:00,09:30:00,00:30:00,ogrody OGDY42,kórnicka KORN45,19
126,126,2025-10-11,7 połabska,09:00:00,09:30:00,00:30:00,ogrody OGDY42,kórnicka KORN45,19
127,127,2025-10-11,7 połabska,09:00:00,09:30:00,00:30:00,ogrody OGDY42,kórnicka KORN45,19
128,128,2025-10-11,7 połabska,09:00:00,09:30:00,00:30:00,ogrody OGDY42,kórnicka KORN45,19
129,129,2025-10-11,7 połabska,09:00:00,09:30:00,00:30:00,ogrody OGDY42,kórnicka KORN45,19
130,130,2025-10-11,7 połabska,09:00:00,09:30:00,00:30:00,ogrody OGDY42,kórnicka KORN45,19
131,131,2025-10-11,7 połabska,09:00:00,09:30:00,00:30:00,ogrody OGDY42,kórnicka KORN45,19
132,132,2025-10-11,7 połabska,09:00:00,09:30:00,00:30:00,ogrody OGDY42,kórnicka KORN45,19
133,133,2025-10-11,7 połabska,09:00:00,09:30:00,00:30:00,ogrody OGDY42,kórnicka KORN45,19
134,134,2025-10-11,7 połabska,09:00:00,09:30:00,00:30:00,ogrody OGDY42,kórnicka KORN45,19
135,135,2025-10-11,7 połabska,09:00:00,09:30:00,00:30:00,ogrody OGDY42,kórnicka KORN45,19
136,136,2025-10-11,7 połabska,09:00:00,09:30:00,00:30:00,ogrody OGDY42,kórnicka KORN45,19
137,137,2025-10-11,7 połabska,09:00:00,09:30:00,00:30:00,ogrody OGDY42,kórnicka KORN45,19
138,138,2025-10-11,7 połabska,09:00:00,09:30:00,00:30:00,ogrody OGDY42,kórnicka KORN45,19
139,139,2025-10-12,7 połabska,09:00:00,09:30:00,00:30:00,ogrody OGDY42,kórnicka KORN45,19
140,140,2025-10-12,7 połabska,09:00:00,09:30:00,00:30:00,ogrody OGDY42,kórnicka KORN45,19
141,141,2025-10-12,7 połabska,09:00:00,09:30:00,00:30:00,ogrody OGDY42,kórnicka KORN45,19
142,142,2025-10-12,7 połabska,09:00:00,09:30:00,00:30:00,ogrody OGDY42,kórnicka KORN45,19
143,143,2025-10-12,7 połabska,09:00:00,09:30:00,00:30:00,ogrody OGDY42,kórnicka KORN45,19
144,144,2025-10-12,7 połabska,09:00:00,09:30:00,00:30:00,ogrody OGDY42,kórnicka KORN45,19
145,145,2025-10-12,7 połabska,09:00:00,09:30:00,00:30:00,ogrody OGDY42,kórnicka KORN45,19
146,146,2025-10-12,7 połabska,09:00:00,09:30:00,00:30:00,ogrody OGDY42,kórnicka KORN45,19
147,147,2025-10-12,7 połabska,09:00:00,09:30:00,00:30:00,ogrody OGDY42,kórnicka KORN45,19
148,148,2025-10-12,7 połabska,09:00:00,09:30:00,00:30:00,ogrody OGDY42,kórnicka KORN45,19
149,149,2025-10-12,7 połabska,09:00:00,09:30:00,00:30:00,ogrody OGDY42,kórnicka KORN45,19
150,150,2025-10-12,7 połabska,09:00:00,09:30:00,00:30:00,ogrody OGDY42,kórnicka KORN45,19
151,151,2025-10-12,7 połabska,09:00:00,09:30:00,00:30:00,ogrody OGDY42,kórnicka KORN45,19
152,152,2025-10-12,7 połabska,09:00:00,09:30:00,00:30:00,ogrody OGDY42,kórnicka KORN45,19
153,153,2025-10-12,7 połabska,09:00:00,09:30:00,00:30:00,ogrody OGDY42,kórnicka KORN45,19
154,154,2025-10-12,7 połabska,09:00:00,09:30:00,00:30:00,ogrody OGDY42,kórnicka KORN45,19
155,155,2025-10-12,7 połabska,09:00:00,09:30:00,00:30:00,ogrody OGDY42,kórnicka KORN45,19
156,156,2025-10-12,7 połabska,09:00:00,09:30:00,00:30:00,ogrody OGDY42,kórnicka KORN45,19
157,157,2025-10-12,7 połabska,09:00:00,09:30:00,00:30:00,ogrody OGDY42,kórnicka KORN45,19
158,158,2025-10-12,7 połabska,09:00:00,09:30:00,00:30:00,ogrody OGDY42,kórnicka KORN45,19
159,159,2025-10-12,7 połabska,09:00:00,09:30:00,00:30:00,ogrody OGDY42,kórnicka KORN45,19
160,160,2025-10-12,7 połabska,09:00:00,09:30:00,00:30:00,ogrody OGDY42,kórnicka KORN45,19
161,161,2025-10-12,7 połabska,09:00:00,09:30:00,00:30:00,ogrody OGDY42,kórnicka KORN45,19
162,162,2025-10-12,7 połabska,09:00:00,09:30:00,00:30:00,ogrody OGDY42,kórnicka KORN45,19
163,163,2025-10-12,7 połabska,09:00:00,09:30:00,00:30:00,ogrody OGDY42,kórnicka KORN45,19
164,164,2025-10-12,7 połabska,09:00:00,09:30:00,00:30:00,ogrody OGDY42,kórnicka KORN45,19
165,165,2025-10-13,7 połabska,09:00:00,09:30:00,00:30:00,ogrody OGDY42,kórnicka KORN45,19
166,166,2025-10-13,7 połabska,09:00:00,09:30:00,00:30:00,ogrody OGDY42,kórnicka KORN45,19
167,167,2025-10-13,7 połabska,09:00:00,09:30:00,00:30:00,ogrody OGDY42,kórnicka KORN45,19
168,168,2025-10-13,7 połabska,09:00:00,09:30:00,00:30:00,ogrody OGDY42,kórnicka KORN45,19
169,169,2025-10-13,7 połabska,09:00:00,09:30:00,00:30:00,ogrody OGDY42,kórnicka KORN45,19
170,170,2025-10-13,7 połabska,09:00:00,09:30:00,00:30:00,ogrody OGDY42,kórnicka KORN45,19
171,171,2025-10-13,7 połabska,09:00:00,09:30:00,00:30:00,ogrody OGDY42,kórnicka KORN45,19
172,172,2025-10-13,7 połabska,09:00:00,09:30:00,00:30:00,ogrody OGDY42,kórnicka KORN45,19
173,173,2025-10-13,7 połabska,09:00:00,09:30:00,00:30:00,ogrody OGDY42,kórnicka KORN45,19
174,174,2025-10-13,7 połabska,09:00:00,09:30:00,00:30:00,ogrody OGDY42,kórnicka KORN45,19
175,175,2025-10-13,7 połabska,09:00:00,09:30:00,00:30:00,ogrody OGDY42,kórnicka KORN45,19
176,176,2025-10-13,7 połabska,09:00:00,09:30:00,00:30:00,ogrody OGDY42,kórnicka KORN45,19
177,177,2025-10-13,7 połabska,09:00:00,09:30:00,00:30:00,ogrody OGDY42,kórnicka KORN45,19
178,178,2025-10-13,7 połabska,09:00:00,09:30:00,00:30:00,ogrody OGDY42,kórnicka KORN45,19
179,179,2025-10-13,7 połabska,09:00:00,09:30:00,00:30:00,ogrody OGDY42,kórnicka KORN45,19
180,180,2025-10-13,7 połabska,09:00:00,09:30:00,00:30:00,ogrody OGDY42,kórnicka KORN45,19
181,181,2025-10-13,7 połabska,09:00:00,09:30:00,00:30:00,ogrody OGDY42,kórnicka KORN45,19
182,182,2025-10-13,7 połabska,09:00:00,09:30:00,00:30:00,ogrody OGDY42,kórnicka KORN45,19
183,183,2025-10-13,7 połabska,09:00:00,09:30:00,00:30:00,ogrody OGDY42,kórnicka KORN45,19
184,184,2025-10-13,7 połabska,09:00:00,09:30:00,00:30:00,ogrody OGDY42,kórnicka KORN45,19
185,185,2025-10-13,7 połabska,09:00:00,09:30:00,00:30:00,ogrody OGDY42,kórnicka KORN45,19
186,186,2025-10-13,7 połabska,09:00:00,09:30:00,00:30:00,ogrody OGDY42,kórnicka KORN45,19
187,187,2025-10-13,7 połabska,09:00:00,09:30:00,00:30:00,ogrody OGDY42,kórnicka KORN45,19
188,188,2025-10-13,7 połabska,09:00:00,09:30:00,00:30:00,ogrody OGDY42,kórnicka KORN45,19
189,189,2025-10-14,7 połabska,09:00:00,09:30:00,00:30:00,ogrody OGDY42,kórnicka KORN45,19
190,190,2025-10-14,7 połabska,09:00:00,09:30:00,00:30:00,ogrody OGDY42,kórnicka KORN45,19
191,191,2025-10-14,7 połabska,09:00:00,09:30:00,00:30:00,ogrody OGDY42,kórnicka KORN45,19
192,192,2025-10-14,7 połabska,09:00:00,09:30:00,00:30:00,ogrody OGDY42,kórnicka KORN45,19
193,193,2025-10-14,7 połabska,09:00:00,09:30:00,00:30:00,ogrody OGDY42,kórnicka KORN45,19
194,194,2025-10-14,7 połabska,09:00:00,09:30:00,00:30:00,ogrody OGDY42,kórnicka KORN45,19
195,195,2025-10-14,7 połabska,09:00:00,09:30:00,00:30:00,ogrody OGDY42,kórnicka KORN45,19
196,196,2025-10-14,7 połabska,09:00:00,09:30:00,00:30:00,ogrody OGDY42,kórnicka KORN45,19
197,197,2025-10-14,7 połabska,09:00:00,09:30:00,00:30:00,ogrody OGDY42,kórnicka KORN45,19
198,198,2025-10-14,7 połabska,09:00:00,09:30:00,00:30:00,ogrody OGDY42,kórnicka KORN45,19
199,199,2025-10-14,7 połabska,09:00:00,09:30:00,00:30:00,ogrody OGDY42,kórnicka KORN45,19
200,200,2025-10-14,7 połabska,09:00:00,09:30:00,00:30:00,ogrody OGDY42,kórnicka KORN45,19
201,201,2025-10-14,7 połabska,09:00:00,09:30:00,00:30:00,ogrody OGDY42,kórnicka KORN45,19
202,202,2025-10-14,7 połabska,09:00:00,09:30:00,00:30:00,ogrody OGDY42,kórnicka KORN45,19
203,203,2025-10-14,7 połabska,09:00:00,09:30:00,00:30:00,ogrody OGDY42,kórnicka KORN45,19
204,204,2025-10-14,7 połabska,09:00:00,09:30:00,00:30:00,ogrody OGDY42,kórnicka KORN45,19
205,205,2025-10-14,7 połabska,09:00:00,09:30:00,00:30:00,ogrody OGDY42,kórnicka KORN45,19
206,206,2025-10-14,7 połabska,09:00:00,09:30:00,00:30:00,ogrody OGDY42,kórnicka KORN45,19
207,207,2025-10-14,7 połabska,09:00:00,09:30:00,00:30:00,ogrody OGDY42,kórnicka KORN45,19
208,208,2025-10-14,7 połabska,09:00:00,09:30:00,00:30:00,ogrody OGDY42,kórnicka KORN45,19
209,209,2025-10-14,7 połabska,09:00:00,09:30:00,00:30:00,ogrody OGDY42,kórnicka KORN45,19
210,210,2025-10-14,7 połabska,09:00:00,09:30:00,00:30:00,ogrody OGDY42,kórnicka KORN45,19
211,211,2025-10-15,7 połabska,09:00:00,09:30:00,00:30:00,ogrody OGDY42,kórnicka KORN45,19
212,212,2025-10-15,7 połabska,09:00:00,09:30:00,00:30:00,ogrody OGDY42,kórnicka KORN45,19
213,213,2025-10-15,7 połabska,09:00:00,09:30:00,00:30:00,ogrody OGDY42,kórnicka KORN45,19
214,214,2025-10-15,7 połabska,09:00:00,09:30:00,00:30:00,ogrody OGDY42,kórnicka KORN45,19
215,215,2025-10-15,7 połabska,09:00:00,09:30:00,00:30:00,ogrody OGDY42,kórnicka KORN45,19
216,216,2025-10-15,7 połabska,09:00:00,09:30:00,00:30:00,ogrody OGDY42,kórnicka KORN45,19
217,217,2025-10-15,7 połabska,09:00:00,09:30:00,00:30:00,ogrody OGDY42,kórnicka KORN45,19
218,218,2025-10-15,7 połabska,09:00:00,09:30:00,00:30:00,ogrody OGDY42,kórnicka KORN45,19
219,219,2025-10-15,7 połabska,09:00:00,09:30:00,00:30:00,ogrody OGDY42,kórnicka KORN45,19
220,220,2025-10-15,7 połabska,09:00:00,09:30:00,00:30:00,ogrody OGDY42,kórnicka KORN45,19
221,221,2025-10-15,7 połabska,09:00:00,09:30:00,00:30:00,ogrody OGDY42,kórnicka KORN45,19
222,222,2025-10-15,7 połabska,09:00:00,09:30:00,00:30:00,ogrody OGDY42,kórnicka KORN45,19
223,223,2025-10-15,7 połabska,09:00:00,09:30:00,00:30:00,ogrody OGDY42,kórnicka KORN45,19
224,224,2025-10-15,7 połabska,09:00:00,09:30:00,00:30:00,ogrody OGDY42,kórnicka KORN45,19
225,225,2025-10-15,7 połabska,09:00:00,09:30:00,00:30:00,ogrody OGDY42,kórnicka KORN45,19
226,226,2025-10-15,7 połabska,09:00:00,09:30:00,00:30:00,ogrody OGDY42,kórnicka KORN45,19
227,227,2025-10-15,7 połabska,09:00:00,09:30:00,00:30:00,ogrody OGDY42,kórnicka KORN45,19
228,228,2025-10-15,7 połabska,09:00:00,09:30:00,00:30:00,ogrody OGDY42,kórnicka KORN45,19
229,229,2025-10-15,7 połabska,09:00:00,09:30:00,00:30:00,ogrody OGDY42,kórnicka KORN45,19
230,230,2025-10-15,7 połabska,09:00:00,09:30:00,00:30:00,ogrody OGDY42,kórnicka KORN45,19
231,231,2025-10-15,7 połabska,09:00:00,09:30:00,00:30:00,ogrody OGDY42,kórnicka KORN45,19
232,232,2025-10-15,7 połabska,09:00:00,09:30:00,00:30:00,ogrody OGDY42,kórnicka KORN45,19
233,233,2025-10-15,7 połabska,09:00:00,09:30:00,00:30:00,ogrody OGDY42,kórnicka KORN45,19
234,234,2025-10-15,7 połabska,09:00:00,09:30:00,00:30:00,ogrody OGDY42,kórnicka KORN45,19
235,235,2025-10-15,7 połabska,09:00:00,09:30:00,00:30:00,ogrody OGDY42,kórnicka KORN45,19
236,236,2025-10-15,7 połabska,09:00:00,09:30:00,00:30:00,ogrody OGDY42,kórnicka KORN45,19
237,237,2025-10-15,7 połabska,09:00:00,09:30:00,00:30:00,ogrody OGDY42,kórnicka KORN45,19
238,238,2025-10-15,7 połabska,09:00:00,09:30:00,00:30:00,ogrody OGDY42,kórnicka KORN45,19
239,239,2025-10-16,7 połabska,09:00:00,09:30:00,00:30:00,ogrody OGDY42,kórnicka KORN45,19
240,240,2025-10-16,7 połabska,09:00:00,09:30:00,00:30:00,ogrody OGDY42,kórnicka KORN45,19
241,241,2025-10-16,7 połabska,09:00:00,09:30:00,00:30:00,ogrody OGDY42,kórnicka KORN45,19
242,242,2025-10-16,7 połabska,09:00:00,09:30:00,00:30:00,ogrody OGDY42,kórnicka KORN45,19
243,243,2025-10-16,7 połabska,09:00:00,09:30:00,00:30:00,ogrody OGDY42,kórnicka KORN45,19
244,244,2025-10-16,7 połabska,09:00:00,09:30:00,00:30:00,ogrody OGDY42,kórnicka KORN45,19
245,245,2025-10-16,7 połabska,09:00:00,09:30:00,00:30:00,ogrody OGDY42,kórnicka KORN45,19
246,246,2025-10-16,7 połabska,09:00:00,09:30:00,00:30:00,ogrody OGDY42,kórnicka KORN45,19
247,247,2025-10-16,7 połabska,09:00:00,09:30:00,00:30:00,ogrody OGDY42,kórnicka KORN45,19
248,248,2025-10-16,7 połabska,09:00:00,09:30:00,00:30:00,ogrody OGDY42,kórnicka KORN45,19
249,249,2025-10-16,7 połabska,09:00:00,09:30:00,00:30:00,ogrody OGDY42,kórnicka KORN45,19
250,250,2025-10-16,7 połabska,09:00:00,09:30:00,00:30:00,ogrody OGDY42,kórnicka KORN45,19
251,251,2025-10-16,7 połabska,09:00:00,09:30:00,00:30:00,ogrody OGDY42,kórnicka KORN45,19
252,252,2025-10-16,7 połabska,09:00:00,09:30:00,00:30:00,ogrody OGDY42,kórnicka KORN45,19
253,253,2025-10-16,7 połabska,09:00:00,09:30:00,00:30:00,ogrody OGDY42,kórnicka KORN45,19
254,254,2025-10-16,7 połabska,09:00:00,09:30:00,00:30:00,ogrody OGDY42,kórnicka KORN45,19
255,255,2025-10-16,7 połabska,09:00:00,09:30:00,00:30:00,ogrody OGDY42,kórnicka KORN45,19
256,256,2025-10-16,7 połabska,09:00:00,09:30:00,00:30:00,ogrody OGDY42,kórnicka KORN45,19
257,257,2025-10-16,7 połabska,09:00:00,09:30:00,00:30:00,ogrody OGDY42,kórnicka KORN45,19
258,258,2025-10-16,7 połabska,09:00:00,09:30:00,00:30:00,ogrody OGDY42,kórnicka KORN45,19
259,259,2025-10-16,7 połabska,09:00:00,09:30:00,00:30:00,ogrody OGDY42,kórnicka KORN45,19
260,260,2025-10-16,7 połabska,09:00:00,09:30:00,00:30:00,ogrody OGDY42,kórnicka KORN45,19
261,261,2025-10-16,7 połabska,09:00:00,09:30:00,00:30:00,ogrody OGDY42,kórnicka KORN45,19
262,262,2025-10-16,7 połabska,09:00:00,09:30:00,00:30:00,ogrody OGDY42,kórnicka KORN45,19
263,263,2025-10-16,7 połabska,09:00:00,09:30:00,00:30:00,ogrody OGDY42,kórnicka KORN45,19
264,264,2025-10-16,7 połabska,09:00:00,09:30:00,00:30:00,ogrody OGDY42,kórnicka KORN45,19
265,265,2025-10-16,7 połabska,09:00:00,09:30:00,00:30:00,ogrody OGDY42,kórnicka KORN45,19
266,266,2025-10-16,7 połabska,09:00:00,09:30:00,00:30:00,ogrody OGDY42,kórnicka KORN45,19
267,267,2025-10-16,7 połabska,09:00:00,09:30:00,00:30:00,ogrody OGDY42,kórnicka KORN45,19
268,268,2025-10-16,7 połabska,09:00:00,09:30:00,00:30:00,ogrody OGDY42,kórnicka KORN45,19
269,269,2025-10-16,7 połabska,09:00:00,09:30:00,00:30:00,ogrody OGDY42,kórnicka KORN45,19
270,270,2025-10-16,7 połabska,09:00:00,09:30:00,00:30:00,ogrody OGDY42,kórnicka KORN45,19
271,271,2025-10-17,7 połabska,09:00:00,09:30:00,00:30:00,ogrody OGDY42,kórnicka KORN45,19
272,272,2025-10-17,7 połabska,09:00:00,09:30:00,00:30:00,ogrody OGDY42,kórnicka KORN45,19
273,273,2025-10-17,7 połabska,09:00:00,09:30:00,00:30:00,ogrody OGDY42,kórnicka KORN45,19
274,274,2025-10-17,7 połabska,09:00:00,09:30:00,00:30:00,ogrody OGDY42,kórnicka KORN45,19
275,275,2025-10-17,7 połabska,09:00:00,09:30:00,00:30:00,ogrody OGDY42,kórnicka KORN45,19
276,276,2025-10-17,7 połabska,09:00:00,09:30:00,00:30:00,ogrody OGDY42,kórnicka KORN45,19
277,277,2025-10-17,7 połabska,09:00:00,09:30:00,00:30:00,ogrody OGDY42,kórnicka KORN45,19
278,278,2025-10-17,7 połabska,09:00:00,09:30:00,00:30:00,ogrody OGDY42,kórnicka KORN45,19
279,279,2025-10-17,7 połabska,09:00:00,09:30:00,00:30:00,ogrody OGDY42,kórnicka KORN45,19
280,280,2025-10-17,7 połabska,09:00:00,09:30:00,00:30:00,ogrody OGDY42,kórnicka KORN45,19
281,281,2025-10-17,7 połabska,09:00:00,09:30:00,00:30:00,ogrody OGDY42,kórnicka KORN45,19
282,282,2025-10-17,7 połabska,09:00:00,09:30:00,00:30:00,ogrody OGDY42,kórnicka KORN45,19
283,283,2025-10-17,7 połabska,09:00:00,09:30:00,00:30:00,ogrody OGDY42,kórnicka KORN45,19
284,284,2025-10-17,7 połabska,09:00:00,09:30:00,00:30:00,ogrody OGDY42,kórnicka KORN45,19
285,285,2025-10-17,7 połabska,09:00:00,09:30:00,00:30:00,ogrody OGDY42,kórnicka KORN45,19
286,286,2025-10-17,7 połabska,09:00:00,09:30:00,00:30:00,ogrody OGDY42,kórnicka KORN45,19
287,287,2025-10-17,7 połabska,09:00:00,09:30:00,00:30:00,ogrody OGDY42,kórnicka KORN45,19
288,288,2025-10-17,7 połabska,09:00:00,09:30:00,00:30:00,ogrody OGDY42,kórnicka KORN45,19
289,289,2025-10-17,7 połabska,09:00:00,09:30:00,00:30:00,ogrody OGDY42,kórnicka KORN45,19
290,290,2025-10-17,7 połabska,09:00:00,09:30:00,00:30:00,ogrody OGDY42,kórnicka KORN45,19
291,291,2025-10-17,7 połabska,09:00:00,09:30:00,00:30:00,ogrody OGDY42,kórnicka KORN45,19
292,292,2025-10-17,7 połabska,09:00:00,09:30:00,00:30:00,ogrody OGDY42,kórnicka KORN45,19
293,293,2025-10-17,7 połabska,09:00:00,09:30:00,00:30:00,ogrody OGDY42,kórnicka KORN45,19
294,294,2025-10-17,7 połabska,09:00:00,09:30:00,00:30:00,ogrody OGDY42,kórnicka KORN45,19
295,295,2025-10-17,7 połabska,09:00:00,09:30:00,00:30:00,ogrody OGDY42,kórnicka KORN45,19
296,296,2025-10-17,7 połabska,09:00:00,09:30:00,00:30:00,ogrody OGDY42,kórnicka KORN45,19
297,297,2025-10-17,7 połabska,09:00:00,09:30:00,00:30:00,ogrody OGDY42,kórnicka KORN45,19
298,298,2025-10-17,7 połabska,09:00:00,09:30:00,00:30:00,ogrody OGDY42,kórnicka KORN45,19
299,299,2025-10-17,7 połabska,09:00:00,09:30:00,00:30:00,ogrody OGDY42,kórnicka KORN45,19
300,300,2025-10-17,7 połabska,09:00:00,09:30:00,00:30:00,ogrody OGDY42,kórnicka KORN45,19
301,301,2025-10-17,7 połabska,09:00:00,09:30:00,00:30:00,ogrody OGDY42,kórnicka KORN45,19
302,302,2025-10-17,7 połabska,09:00:00,09:30:00,00:30:00,ogrody OGDY42,kórnicka KORN45,19
303,303,2025-10-17,7 połabska,09:00:00,09:30:00,00:30:00,ogrody OGDY42,kórnicka KORN45,19
304,304,2025-10-17,7 połabska,09:00:00,09:30:00,00:30:00,ogrody OGDY42,kórnicka KORN45,19
305,305,2025-10-17,7 połabska,09:00:00,09:30:00,00:30:00,ogrody OGDY42,kórnicka KORN45,19
306,306,2025-10-18,7 połabska,09:00:00,09:30:00,00:30:00,ogrody OGDY42,kórnicka KORN45,19
307,307,2025-10-18,7 połabska,09:00:00,09:30:00,00:30:00,ogrody OGDY42,kórnicka KORN45,19
308,308,2025-10-18,7 połabska,09:00:00,09:30:00,00:30:00,ogrody OGDY42,kórnicka KORN45,19
309,309,2025-10-18,7 połabska,09:00:00,09:30:00,00:30:00,ogrody OGDY42,kórnicka KORN45,19
310,310,2025-10-18,7 połabska,09:00:00,09:30:00,00:30:00,ogrody OGDY42,kórnicka KORN45,19
311,311,2025-10-18,7 połabska,09:00:00,09:30:00,00:30:00,ogrody OGDY42,kórnicka KORN45,19
312,312,2025-10-18,7 połabska,09:00:00,09:30:00,00:30:00,ogrody OGDY42,kórnicka KORN45,19
313,313,2025-10-18,7 połabska,09:00:00,09:30:00,00:30:00,ogrody OGDY42,kórnicka KORN45,19
314,314,2025-10-18,7 połabska,09:00:00,09:30:00,00:30:00,ogrody OGDY42,kórnicka KORN45,19
315,315,2025-10-18,7 połabska,09:00:00,09:30:00,00:30:00,ogrody OGDY42,kórnicka KORN45,19
316,316,2025-10-18,7 połabska,09:00:00,09:30:00,00:30:00,ogrody OGDY42,kórnicka KORN45,19
317,317,2025-10-18,7 połabska,09:00:00,09:30:00,00:30:00,ogrody OGDY42,kórnicka KORN45,19
318,318,2025-10-18,7 połabska,09:00:00,09:30:00,00:30:00,ogrody OGDY42,kórnicka KORN45,19
319,319,2025-10-18,7 połabska,09:00:00,09:30:00,00:30:00,ogrody OGDY42,kórnicka KORN45,19
320,320,2025-10-18,7 połabska,09:00:00,09:30:00,00:30:00,ogrody OGDY42,kórnicka KORN45,19
321,321,2025-10-18,7 połabska,09:00:00,09:30:00,00:30:00,ogrody OGDY42,kórnicka KORN45,19
322,322,2025-10-18,7 połabska,09:00:00,09:30:00,00:30:00,ogrody OGDY42,kórnicka KORN45,19
323,323,2025-10-18,7 połabska,09:00:00,09:30:00,00:30:00,ogrody OGDY42,kórnicka KORN45,19
324,324,2025-10-18,7 połabska,09:00:00,09:30:00,00:30:00,ogrody OGDY42,kórnicka KORN45,19
325,325,2025-10-18,7 połabska,09:00:00,09:30:00,00:30:00,ogrody OGDY42,kórnicka KORN45,19
326,326,2025-10-19,7 połabska,09:00:00,09:30:00,00:30:00,ogrody OGDY42,kórnicka KORN45,19
327,327,2025-10-19,7 połabska,09:00:00,09:30:00,00:30:00,ogrody OGDY42,kórnicka KORN45,19
328,328,2025-10-19,7 połabska,09:00:00,09:30:00,00:30:00,ogrody OGDY42,kórnicka KORN45,19
329,329,2025-10-19,7 połabska,09:00:00,09:30:00,00:30:00,ogrody OGDY42,kórnicka KORN45,19
330,330,2025-10-19,7 połabska,09:00:00,09:30:00,00:30:00,ogrody OGDY42,kórnicka KORN45,19
331,331,2025-10-19,7 połabska,09:00:00,09:30:00,00:30:00,ogrody OGDY42,kórnicka KORN45,19
332,332,2025-10-19,7 połabska,09:00:00,09:30:00,00:30:00,ogrody OGDY42,kórnicka KORN45,19
333,333,2025-10-19,7 połabska,09:00:00,09:30:00,00:30:00,ogrody OGDY42,kórnicka KORN45,19
334,334,2025-10-19,7 połabska,09:00:00,09:30:00,00:30:00,ogrody OGDY42,kórnicka KORN45,19
335,335,2025-10-19,7 połabska,09:00:00,09:30:00,00:30:00,ogrody OGDY42,kórnicka KORN45,19
336,336,2025-10-19,7 połabska,09:00:00,09:30:00,00:30:00,ogrody OGDY42,kórnicka KORN45,19
337,337,2025-10-19,7 połabska,09:00:00,09:30:00,00:30:00,ogrody OGDY42,kórnicka KORN45,19
338,338,2025-10-19,7 połabska,09:00:00,09:30:00,00:30:00,ogrody OGDY42,kórnicka KORN45,19
339,339,2025-10-19,7 połabska,09:00:00,09:30:00,00:30:00,ogrody OGDY42,kórnicka KORN45,19
340,340,2025-10-19,7 połabska,09:00:00,09:30:00,00:30:00,ogrody OGDY42,kórnicka KORN45,19
341,341,2025-10-19,7 połabska,09:00:00,09:30:00,00:30:00,ogrody OGDY42,kórnicka KORN45,19
342,342,2025-10-19,7 połabska,09:00:00,09:30:00,00:30:00,ogrody OGDY42,kórnicka KORN45,19
343,343,2025-10-19,7 połabska,09:00:00,09:30:00,00:30:00,ogrody OGDY42,kórnicka KORN45,19
344,344,2025-10-19,7 połabska,09:00:00,09:30:00,00:30:00,ogrody OGDY42,kórnicka KORN45,19
345,345,2025-10-19,7 połabska,09:00:00,09:30:00,00:30:00,ogrody OGDY42,kórnicka KORN45,19
346,346,2025-10-19,7 połabska,09:00:00,09:30:00,00:30:00,ogrody OGDY42,kórnicka KORN45,19
347,347,2025-10-19,7 połabska,09:00:00,09:30:00,00:30:00,ogrody OGDY42,kórnicka KORN45,19
348,348,2025-10-19,7 połabska,09:00:00,09:30:00,00:30:00,ogrody OGDY42,kórnicka KORN45,19
349,349,2025-10-19,7 połabska,09:00:00,09:30:00,00:30:00,ogrody OGDY42,kórnicka KORN45,19
350,350,2025-10-20,7 połabska,09:00:00,09:30:00,00:30:00,ogrody OGDY42,kórnicka KORN45,19
351,351,2025-10-20,7 połabska,09:00:00,09:30:00,00:30:00,ogrody OGDY42,kórnicka KORN45,19
352,352,2025-10-20,7 połabska,09:00:00,09:30:00,00:30:00,ogrody OGDY42,kórnicka KORN45,19
353,353,2025-10-20,7 połabska,09:00:00,09:30:00,00:30:00,ogrody OGDY42,kórnicka KORN45,19
354,354,2025-10-20,7 połabska,09:00:00,09:30:00,00:30:00,ogrody OGDY42,kórnicka KORN45,19
355,355,2025-10-20,7 połabska,09:00:00,09:30:00,00:30:00,ogrody OGDY42,kórnicka KORN45,19
356,356,2025-10-20,7 połabska,09:00:00,09:30:00,00:30:00,ogrody OGDY42,kórnicka KORN45,19
357,357,2025-10-20,7 połabska,09:00:00,09:30:00,00:30:00,ogrody OGDY42,kórnicka KORN45,19
358,358,2025-10-20,7 połabska,09:00:00,09:30:00,00:30:00,ogrody OGDY42,kórnicka KORN45,19
359,359,2025-10-20,7 połabska,09:00:00,09:30:00,00:30:00,ogrody OGDY42,kórnicka KORN45,19
360,360,2025-10-20,7 połabska,09:00:00,09:30:00,00:30:00,ogrody OGDY42,kórnicka KORN45,19
361,361,2025-10-20,7 połabska,09:00:00,09:30:00,00:30:00,ogrody OGDY42,kórnicka KORN45,19
362,362,2025-10-20,7 połabska,09:00:00,09:30:00,00:30:00,ogrody OGDY42,kórnicka KORN45,19
363,363,2025-10-20,7 połabska,09:00:00,09:30:00,00:30:00,ogrody OGDY42,kórnicka KORN45,19
364,364,2025-10-20,7 połabska,09:00:00,09:30:00,00:30:00,ogrody OGDY42,kórnicka KORN45,19
365,365,2025-10-20,7 połabska,09:00:00,09:30:00,00:30:00,ogrody OGDY42,kórnicka KORN45,19
366,366,2025-10-20,7 połabska,09:00:00,09:30:00,00:30:00,ogrody OGDY42,kórnicka KORN45,19
367,367,2025-10-20,7 połabska,09:00:00,09:30:00,00:30:00,ogrody OGDY42,kórnicka KORN45,19
368,368,2025-10-20,7 połabska,09:00:00,09:30:00,00:30:00,ogrody OGDY42,kórnicka KORN45,19
369,369,2025-10-20,7 połabska,09:00:00,09:30:00,00:30:00,ogrody OGDY42,kórnicka KORN45,19
370,370,2025-10-20,7 połabska,09:00:00,09:30:00,00:30:00,ogrody OGDY42,kórnicka KORN45,19
371,371,2025-10-20,7 połabska,09:00:00,09:30:00,00:30:00,ogrody OGDY42,kórnicka KORN45,19
372,372,2025-10-20,7 połabska,09:00:00,09:30:00,00:30:00,ogrody OGDY42,kórnicka KORN45,19
373,373,2025-10-20,7 połabska,09:00:00,09:30:00,00:30:00,ogrody OGDY42,kórnicka KORN45,19
374,374,2025-10-20,7 połabska,09:00:00,09:30:00,00:30:00,ogrody OGDY42,kórnicka KORN45,19
375,375,2025-10-20,7 połabska,09:00:00,09:30:00,00:30:00,ogrody OGDY42,kórnicka KORN45,19
376,376,2025-10-20,7 połabska,09:00:00,09:30:00,00:30:00,ogrody OGDY42,kórnicka KORN45,19
377,377,2025-10-20,7 połabska,09:00:00,09:30:00,00:30:00,ogrody OGDY42,kórnicka KORN45,19
378,378,2025-10-21,7 połabska,09:00:00,09:30:00,00:30:00,ogrody OGDY42,kórnicka KORN45,19
379,379,2025-10-21,7 połabska,09:00:00,09:30:00,00:30:00,ogrody OGDY42,kórnicka KORN45,19
380,380,2025-10-21,7 połabska,09:00:00,09:30:00,00:30:00,ogrody OGDY42,kórnicka KORN45,19
381,381,2025-10-21,7 połabska,09:00:00,09:30:00,00:30:00,ogrody OGDY42,kórnicka KORN45,19
382,382,2025-10-21,7 połabska,09:00:00,09:30:00,00:30:00,ogrody OGDY42,kórnicka KORN45,19
383,383,2025-10-21,7 połabska,09:00:00,09:30:00,00:30:00,ogrody OGDY42,kórnicka KORN45,19
384,384,2025-10-21,7 połabska,09:00:00,09:30:00,00:30:00,ogrody OGDY42,kórnicka KORN45,19
385,385,2025-10-21,7 połabska,09:00:00,09:30:00,00:30:00,ogrody OGDY42,kórnicka KORN45,19
386,386,2025-10-21,7 połabska,09:00:00,09:30:00,00:30:00,ogrody OGDY42,kórnicka KORN45,19
387,387,2025-10-21,7 połabska,09:00:00,09:30:00,00:30:00,ogrody OGDY42,kórnicka KORN45,19
388,388,2025-10-21,7 połabska,09:00:00,09:30:00,00:30:00,ogrody OGDY42,kórnicka KORN45,19
389,389,2025-10-21,7 połabska,09:00:00,09:30:00,00:30:00,ogrody OGDY42,kórnicka KORN45,19
390,390,2025-10-21,7 połabska,09:00:00,09:30:00,00:30:00,ogrody OGDY42,kórnicka KORN45,19
391,391,2025-10-21,7 połabska,09:00:00,09:30:00,00:30:00,ogrody OGDY42,kórnicka KORN45,19
392,392,2025-10-21,7 połabska,09:00:00,09:30:00,00:30:00,ogrody OGDY42,kórnicka KORN45,19
393,393,2025-10-21,7 połabska,09:00:00,09:30:00,00:30:00,ogrody OGDY42,kórnicka KORN45,19
394,394,2025-10-21,7 połabska,09:00:00,09:30:00,00:30:00,ogrody OGDY42,kórnicka KORN45,19
395,395,2025-10-21,7 połabska,09:00:00,09:30:00,00:30:00,ogrody OGDY42,kórnicka KORN45,19
396,396,2025-10-21,7 połabska,09:00:00,09:30:00,00:30:00,ogrody OGDY42,kórnicka KORN45,19
397,397,2025-10-21,7 połabska,09:00:00,09:30:00,00:30:00,ogrody OGDY42,kórnicka KORN45,19
398,398,2025-10-21,7 połabska,09:00:00,09:30:00,00:30:00,ogrody OGDY42,kórnicka KORN45,19
399,399,2025-10-22,7 połabska,09:00:00,09:30:00,00:30:00,ogrody OGDY42,kórnicka KORN45,19
400,400,2025-10-23,7 połabska,09:00:00,09:30:00,00:30:00,ogrody OGDY42,kórnicka KORN45,19
401,401,2025-10-23,7 połabska,09:00:00,09:30:00,00:30:00,ogrody OGDY42,kórnicka KORN45,19
402,402,2025-10-23,7 połabska,09:00:00,09:30:00,00:30:00,ogrody OGDY42,kórnicka KORN45,19
403,403,2025-10-23,7 połabska,09:00:00,09:30:00,00:30:00,ogrody OGDY42,kórnicka KORN45,19
404,404,2025-10-23,7 połabska,09:00:00,09:30:00,00:30:00,ogrody OGDY42,kórnicka KORN45,19
405,405,2025-10-23,7 połabska,09:00:00,09:30:00,00:30:00,ogrody OGDY42,kórnicka KORN45,19
406,406,2025-10-23,7 połabska,09:00:00,09:30:00,00:30:00,ogrody OGDY42,kórnicka KORN45,19
407,407,2025-10-23,7 połabska,09:00:00,09:30:00,00:30:00,ogrody OGDY42,kórnicka KORN45,19
408,408,2025-10-23,7 połabska,09:00:00,09:30:00,00:30:00,ogrody OGDY42,kórnicka KORN45,19
409,409,2025-10-23,7 połabska,09:00:00,09:30:00,00:30:00,ogrody OGDY42,kórnicka KORN45,19
410,410,2025-10-23,7 połabska,09:00:00,09:30:00,00:30:00,ogrody OGDY42,kórnicka KORN45,19
411,411,2025-10-23,7 połabska,09:00:00,09:30:00,00:30:00,ogrody OGDY42,kórnicka KORN45,19
412,412,2025-10-23,7 połabska,09:00:00,09:30:00,00:30:00,ogrody OGDY42,kórnicka KORN45,19
413,413,2025-10-23,7 połabska,09:00:00,09:30:00,00:30:00,ogrody OGDY42,kórnicka KORN45,19
414,414,2025-10-23,7 połabska,09:00:00,09:30:00,00:30:00,ogrody OGDY42,kórnicka KORN45,19
415,415,2025-10-23,7 połabska,09:00:00,09:30:00,00:30:00,ogrody OGDY42,kórnicka KORN45,19
416,416,2025-10-23,7 połabska,09:00:00,09:30:00,00:30:00,ogrody OGDY42,kórnicka KORN45,19
417,417,2025-10-23,7 połabska,09:00:00,09:30:00,00:30:00,ogrody OGDY42,kórnicka KORN45,19
418,418,2025-10-23,7 połabska,09:00:00,09:30:00,00:30:00,ogrody OGDY42,kórnicka KORN45,19
419,419,2025-10-23,7 połabska,09:00:00,09:30:00,00:30:00,ogrody OGDY42,kórnicka KORN45,19
420,420,2025-10-23,7 połabska,09:00:00,09:30:00,00:30:00,ogrody OGDY42,kórnicka KORN45,19
421,421,2025-10-23,7 połabska,09:00:00,09:30:00,00:30:00,ogrody OGDY42,kórnicka KORN45,19
422,422,2025-10-23,7 połabska,09:00:00,09:30:00,00:30:00,ogrody OGDY42,kórnicka KORN45,19
423,423,2025-10-23,7 połabska,09:00:00,09:30:00,00:30:00,ogrody OGDY42,kórnicka KORN45,19
424,424,2025-10-23,7 połabska,09:00:00,09:30:00,00:30:00,ogrody OGDY42,kórnicka KORN45,19
425,425,2025-10-23,7 połabska,09:00:00,09:30:00,00:30:00,ogrody OGDY42,kórnicka KORN45,19
426,426,2025-10-23,7 połabska,09:00:00,09:30:00,00:30:00,ogrody OGDY42,kórnicka KORN45,19
427,427,2025-10-23,7 połabska,09:00:00,09:30:00,00:30:00,ogrody OGDY42,kórnicka KORN45,19
428,428,2025-10-23,7 połabska,09:00:00,09:30:00,00:30:00,ogrody OGDY42,kórnicka KORN45,19
429,429,2025-10-24,7 połabska,09:00:00,09:30:00,00:30:00,ogrody OGDY42,kórnicka KORN45,19
430,430,2025-10-24,7 połabska,09:00:00,09:30:00,00:30:00,ogrody OGDY42,kórnicka KORN45,19
431,431,2025-10-24,7 połabska,09:00:00,09:30:00,00:30:00,ogrody OGDY42,kórnicka KORN45,19
432,432,2025-10-24,7 połabska,09:00:00,09:30:00,00:30:00,ogrody OGDY42,kórnicka KORN45,19
433,433,2025-10-24,7 połabska,09:00:00,09:30:00,00:30:00,ogrody OGDY42,kórnicka KORN45,19
434,434,2025-10-24,7 połabska,09:00:00,09:30:00,00:30:00,ogrody OGDY42,kórnicka KORN45,19
435,435,2025-10-24,7 połabska,09:00:00,09:30:00,00:30:00,ogrody OGDY42,kórnicka KORN45,19
436,436,2025-10-24,7 połabska,09:00:00,09:30:00,00:30:00,ogrody OGDY42,kórnicka KORN45,19
437,437,2025-10-24,7 połabska,09:00:00,09:30:00,00:30:00,ogrody OGDY42,kórnicka KORN45,19
438,438,2025-10-24,7 połabska,09:00:00,09:30:00,00:30:00,ogrody OGDY42,kórnicka KORN45,19
439,439,2025-10-24,7 połabska,09:00:00,09:30:00,00:30:00,ogrody OGDY42,kórnicka KORN45,19
440,440,2025-10-24,7 połabska,09:00:00,09:30:00,00:30:00,ogrody OGDY42,kórnicka KORN45,19
441,441,2025-10-24,7 połabska,09:00:00,09:30:00,00:30:00,ogrody OGDY42,kórnicka KORN45,19
442,442,2025-10-24,7 połabska,09:00:00,09:30:00,00:30:00,ogrody OGDY42,kórnicka KORN45,19
443,443,2025-10-24,7 połabska,09:00:00,09:30:00,00:30:00,ogrody OGDY42,kórnicka KORN45,19
444,444,2025-10-24,7 połabska,09:00:00,09:30:00,00:30:00,ogrody OGDY42,kórnicka KORN45,19
445,445,2025-10-24,7 połabska,09:00:00,09:30:00,00:30:00,ogrody OGDY42,kórnicka KORN45,19
446,446,2025-10-24,7 połabska,09:00:00,09:30:00,00:30:00,ogrody OGDY42,kórnicka KORN45,19
447,447,2025-10-24,7 połabska,09:00:00,09:30:00,00:30:00,ogrody OGDY42,kórnicka KORN45,19
448,448,2025-10-24,7 połabska,09:00:00,09:30:00,00:30:00,ogrody OGDY42,kórnicka KORN45,19
449,449,2025-10-24,7 połabska,09:00:00,09:30:00,00:30:00,ogrody OGDY42,kórnicka KORN45,19
450,450,2025-10-24,7 połabska,09:00:00,09:30:00,00:30:00,ogrody OGDY42,kórnicka KORN45,19
451,451,2025-10-24,7 połabska,09:00:00,09:30:00,00:30:00,ogrody OGDY42,kórnicka KORN45,19
452,452,2025-10-24,7 połabska,09:00:00,09:30:00,00:30:00,ogrody OGDY42,kórnicka KORN45,19
453,453,2025-10-24,7 połabska,09:00:00,09:30:00,00:30:00,ogrody OGDY42,kórnicka KORN45,19
454,454,2025-10-24,7 połabska,09:00:00,09:30:00,00:30:00,ogrody OGDY42,kórnicka KORN45,19
455,455,2025-10-24,7 połabska,09:00:00,09:30:00,00:30:00,ogrody OGDY42,kórnicka KORN45,19
456,456,2025-10-24,7 połabska,09:00:00,09:30:00,00:30:00,ogrody OGDY42,kórnicka KORN45,19
457,457,2025-10-24,7 połabska,09:00:00,09:30:00,00:30:00,ogrody OGDY42,kórnicka KORN45,19
458,458,2025-10-24,7 połabska,09:00:00,09:30:00,00:30:00,ogrody OGDY42,kórnicka KORN45,19
459,459,2025-10-24,7 połabska,09:00:00,09:30:00,00:30:00,ogrody OGDY42,kórnicka KORN45,19
460,460,2025-10-24,7 połabska,09:00:00,09:30:00,00:30:00,ogrody OGDY42,kórnicka KORN45,19
461,461,2025-10-24,7 połabska,09:00:00,09:30:00,00:30:00,ogrody OGDY42,kórnicka KORN45,19
462,462,2025-10-24,7 połabska,09:00:00,09:30:00,00:30:00,ogrody OGDY42,kórnicka KORN45,19
463,463,2025-10-24,7 połabska,09:00:00,09:30:00,00:30:00,ogrody OGDY42,kórnicka KORN45,19
464,464,2025-10-24,7 połabska,09:00:00,09:30:00,00:30:00,ogrody OGDY42,kórnicka KORN45,19
465,465,2025-10-24,7 połabska,09:00:00,09:30:00,00:30:00,ogrody OGDY42,kórnicka KORN45,19
466,466,2025-10-24,7 połabska,09:00:00,09:30:00,00:30:00,ogrody OGDY42,kórnicka KORN45,19
467,467,2025-10-24,7 połabska,09:00:00,09:30:00,00:30:00,ogrody OGDY42,kórnicka KORN45,19
468,468,2025-10-24,7 połabska,09:00:00,09:30:00,00:30:00,ogrody OGDY42,kórnicka KORN45,19
469,469,2025-10-24,7 połabska,09:00:00,09:30:00,00:30:00,ogrody OGDY42,kórnicka KORN45,19
470,470,2025-10-24,7 połabska,09:00:00,09:30:00,00:30:00,ogrody OGDY42,kórnicka KORN45,19
471,471,2025-10-25,7 połabska,09:00:00,09:30:00,00:30:00,ogrody OGDY42,kórnicka KORN45,19
472,472,2025-10-25,7 połabska,09:00:00,09:30:00,00:30:00,ogrody OGDY42,kórnicka KORN45,19
473,473,2025-10-25,7 połabska,09:00:00,09:30:00,00:30:00,ogrody OGDY42,kórnicka KORN45,19
474,474,2025-10-25,7 połabska,09:00:00,09:30:00,00:30:00,ogrody OGDY42,kórnicka KORN45,19
475,475,2025-10-25,7 połabska,09:00:00,09:30:00,00:30:00,ogrody OGDY42,kórnicka KORN45,19
476,476,2025-10-25,7 połabska,09:00:00,09:30:00,00:30:00,ogrody OGDY42,kórnicka KORN45,19
477,477,2025-10-25,7 połabska,09:00:00,09:30:00,00:30:00,ogrody OGDY42,kórnicka KORN45,19
478,478,2025-10-25,7 połabska,09:00:00,09:30:00,00:30:00,ogrody OGDY42,kórnicka KORN45,19
479,479,2025-10-25,7 połabska,09:00:00,09:30:00,00:30:00,ogrody OGDY42,kórnicka KORN45,19
480,480,2025-10-25,7 połabska,09:00:00,09:30:00,00:30:00,ogrody OGDY42,kórnicka KORN45,19
481,481,2025-10-25,7 połabska,09:00:00,09:30:00,00:30:00,ogrody OGDY42,kórnicka KORN45,19
482,482,2025-10-25,7 połabska,09:00:00,09:30:00,00:30:00,ogrody OGDY42,kórnicka KORN45,19
483,483,2025-10-25,7 połabska,09:00:00,09:30:00,00:30:00,ogrody OGDY42,kórnicka KORN45,19
484,484,2025-10-25,7 połabska,09:00:00,09:30:00,00:30:00,ogrody OGDY42,kórnicka KORN45,19
485,485,2025-10-25,7 połabska,09:00:00,09:30:00,00:30:00,ogrody OGDY42,kórnicka KORN45,19
486,486,2025-10-25,7 połabska,09:00:00,09:30:00,00:30:00,ogrody OGDY42,kórnicka KORN45,19
487,487,2025-10-25,7 połabska,09:00:00,09:30:00,00:30:00,ogrody OGDY42,kórnicka KORN45,19
488,488,2025-10-25,7 połabska,09:00:00,09:30:00,00:30:00,ogrody OGDY42,kórnicka KORN45,19
489,489,2025-10-25,7 połabska,09:00:00,09:30:00,00:30:00,ogrody OGDY42,kórnicka KORN45,19
490,490,2025-10-25,7 połabska,09:00:00,09:30:00,00:30:00,ogrody OGDY42,kórnicka KORN45,19
491,491,2025-10-25,7 połabska,09:00:00,09:30:00,00:30:00,ogrody OGDY42,kórnicka KORN45,19
492,492,2025-10-25,7 połabska,09:00:00,09:30:00,00:30:00,ogrody OGDY42,kórnicka KORN45,19
493,493,2025-10-25,7 połabska,09:00:00,09:30:00,00:30:00,ogrody OGDY42,kórnicka KORN45,19
494,494,2025-10-25,7 połabska,09:00:00,09:30:00,00:30:00,ogrody OGDY42,kórnicka KORN45,19
495,495,2025-10-25,7 połabska,09:00:00,09:30:00,00:30:00,ogrody OGDY42,kórnicka KORN45,19
496,496,2025-10-25,7 połabska,09:00:00,09:30:00,00:30:00,ogrody OGDY42,kórnicka KORN45,19
497,497,2025-10-25,7 połabska,09:00:00,09:30:00,00:30:00,ogrody OGDY42,kórnicka KORN45,19
498,498,2025-10-25,7 połabska,09:00:00,09:30:00,00:30:00,ogrody OGDY42,kórnicka KORN45,19
499,499,2025-10-25,7 połabska,09:00:00,09:30:00,00:30:00,ogrody OGDY42,kórnicka KORN45,19
500,500,2025-10-25,7 połabska,09:00:00,09:30:00,00:30:00,ogrody OGDY42,kórnicka KORN45,19
501,501,2025-10-25,7 połabska,09:00:00,09:30:00,00:30:00,ogrody OGDY42,kórnicka KORN45,19
502,502,2025-10-25,7 połabska,09:00:00,09:30:00,00:30:00,ogrody OGDY42,kórnicka KORN45,19
503,503,2025-10-25,7 połabska,09:00:00,09:30:00,00:30:00,ogrody OGDY42,kórnicka KORN45,19
504,504,2025-10-25,7 połabska,09:00:00,09:30:00,00:30:00,ogrody OGDY42,kórnicka KORN45,19
505,505,2025-10-25,7 połabska,09:00:00,09:30:00,00:30:00,ogrody OGDY42,kórnicka KORN45,19
506,506,2025-10-25,7 połabska,09:00:00,09:30:00,00:30:00,ogrody OGDY42,kórnicka KORN45,19
507,507,2025-10-25,7 połabska,09:00:00,09:30:00,00:30:00,ogrody OGDY42,kórnicka KORN45,19
508,508,2025-10-25,7 połabska,09:00:00,09:30:00,00:30:00,ogrody OGDY42,kórnicka KORN45,19
509,509,2025-10-25,7 połabska,09:00:00,09:30:00,00:30:00,ogrody OGDY42,kórnicka KORN45,19
510,510,2025-10-26,7 połabska,09:00:00,09:30:00,00:30:00,ogrody OGDY42,kórnicka KORN45,19
511,511,2025-10-26,7 połabska,09:00:00,09:30:00,00:30:00,ogrody OGDY42,kórnicka KORN45,19
512,512,2025-10-26,7 połabska,09:00:00,09:30:00,00:30:00,ogrody OGDY42,kórnicka KORN45,19
513,513,2025-10-26,7 połabska,09:00:00,09:30:00,00:30:00,ogrody OGDY42,kórnicka KORN45,19
514,514,2025-10-26,7 połabska,09:00:00,09:30:00,00:30:00,ogrody OGDY42,kórnicka KORN45,19
515,515,2025-10-26,7 połabska,09:00:00,09:30:00,00:30:00,ogrody OGDY42,kórnicka KORN45,19
516,516,2025-10-26,7 połabska,09:00:00,09:30:00,00:30:00,ogrody OGDY42,kórnicka KORN45,19
517,517,2025-10-26,7 połabska,09:00:00,09:30:00,00:30:00,ogrody OGDY42,kórnicka KORN45,19
518,518,2025-10-26,7 połabska,09:00:00,09:30:00,00:30:00,ogrody OGDY42,kórnicka KORN45,19
519,519,2025-10-26,7 połabska,09:00:00,09:30:00,00:30:00,ogrody OGDY42,kórnicka KORN45,19
520,520,2025-10-26,7 połabska,09:00:00,09:30:00,00:30:00,ogrody OGDY42,kórnicka KORN45,19
521,521,2025-10-26,7 połabska,09:00:00,09:30:00,00:30:00,ogrody OGDY42,kórnicka KORN45,19
522,522,2025-10-26,7 połabska,09:00:00,09:30:00,00:30:00,ogrody OGDY42,kórnicka KORN45,19
523,523,2025-10-26,7 połabska,09:00:00,09:30:00,00:30:00,ogrody OGDY42,kórnicka KORN45,19
524,524,2025-10-26,7 połabska,09:00:00,09:30:00,00:30:00,ogrody OGDY42,kórnicka KORN45,19
525,525,2025-10-26,7 połabska,09:00:00,09:30:00,00:30:00,ogrody OGDY42,kórnicka KORN45,19
526,526,2025-10-26,7 połabska,09:00:00,09:30:00,00:30:00,ogrody OGDY42,kórnicka KORN45,19
527,527,2025-10-26,7 połabska,09:00:00,09:30:00,00:30:00,ogrody OGDY42,kórnicka KORN45,19
528,528,2025-10-26,7 połabska,09:00:00,09:30:00,00:30:00,ogrody OGDY42,kórnicka KORN45,19
529,529,2025-10-26,7 połabska,09:00:00,09:30:00,00:30:00,ogrody OGDY42,kórnicka KORN45,19
530,530,2025-10-26,7 połabska,09:00:00,09:30:00,00:30:00,ogrody OGDY42,kórnicka KORN45,19
531,531,2025-10-26,7 połabska,09:00:00,09:30:00,00:30:00,ogrody OGDY42,kórnicka KORN45,19
532,532,2025-10-26,7 połabska,09:00:00,09:30:00,00:30:00,ogrody OGDY42,kórnicka KORN45,19
533,533,2025-10-26,7 połabska,09:00:00,09:30:00,00:30:00,ogrody OGDY42,kórnicka KORN45,19
534,534,2025-10-26,7 połabska,09:00:00,09:30:00,00:30:00,ogrody OGDY42,kórnicka KORN45,19
535,535,2025-10-26,7 połabska,09:00:00,09:30:00,00:30:00,ogrody OGDY42,kórnicka KORN45,19
536,536,2025-10-26,7 połabska,09:00:00,09:30:00,00:30:00,ogrody OGDY42,kórnicka KORN45,19
537,537,2025-10-26,7 połabska,09:00:00,09:30:00,00:30:00,ogrody OGDY42,kórnicka KORN45,19
538,538,2025-10-26,7 połabska,09:00:00,09:30:00,00:30:00,ogrody OGDY42,kórnicka KORN45,19
539,539,2025-10-26,7 połabska,09:00:00,09:30:00,00:30:00,ogrody OGDY42,kórnicka KORN45,19
540,540,2025-10-26,7 połabska,09:00:00,09:30:00,00:30:00,ogrody OGDY42,kórnicka KORN45,19
541,541,2025-10-26,7 połabska,09:00:00,09:30:00,00:30:00,ogrody OGDY42,kórnicka KORN45,19
542,542,2025-10-26,7 połabska,09:00:00,09:30:00,00:30:00,ogrody OGDY42,kórnicka KORN45,19
543,543,2025-10-26,7 połabska,09:00:00,09:30:00,00:30:00,ogrody OGDY42,kórnicka KORN45,19
544,544,2025-10-26,7 połabska,09:00:00,09:30:00,00:30:00,ogrody OGDY42,kórnicka KORN45,19
545,545,2025-10-26,7 połabska,09:00:00,09:30:00,00:30:00,ogrody OGDY42,kórnicka KORN45,19
546,546,2025-10-26,7 połabska,09:00:00,09:30:00,00:30:00,ogrody OGDY42,kórnicka KORN45,19
547,547,2025-10-26,7 połabska,09:00:00,09:30:00,00:30:00,ogrody OGDY42,kórnicka KORN45,19
548,548,2025-10-27,7 połabska,09:00:00,09:30:00,00:30:00,ogrody OGDY42,kórnicka KORN45,19
549,549,2025-10-27,7 połabska,09:00:00,09:30:00,00:30:00,ogrody OGDY42,kórnicka KORN45,19
550,550,2025-10-27,7 połabska,09:00:00,09:30:00,00:30:00,ogrody OGDY42,kórnicka KORN45,19
551,551,2025-10-27,7 połabska,09:00:00,09:30:00,00:30:00,ogrody OGDY42,kórnicka KORN45,19
552,552,2025-10-27,7 połabska,09:00:00,09:30:00,00:30:00,ogrody OGDY42,kórnicka KORN45,19
553,553,2025-10-27,7 połabska,09:00:00,09:30:00,00:30:00,ogrody OGDY42,kórnicka KORN45,19
554,554,2025-10-27,7 połabska,09:00:00,09:30:00,00:30:00,ogrody OGDY42,kórnicka KORN45,19
555,555,2025-10-27,7 połabska,09:00:00,09:30:00,00:30:00,ogrody OGDY42,kórnicka KORN45,19
556,556,2025-10-27,7 połabska,09:00:00,09:30:00,00:30:00,ogrody OGDY42,kórnicka KORN45,19
557,557,2025-10-27,7 połabska,09:00:00,09:30:00,00:30:00,ogrody OGDY42,kórnicka KORN45,19
558,558,2025-10-27,7 połabska,09:00:00,09:30:00,00:30:00,ogrody OGDY42,kórnicka KORN45,19
559,559,2025-10-27,7 połabska,09:00:00,09:30:00,00:30:00,ogrody OGDY42,kórnicka KORN45,19
560,560,2025-10-27,7 połabska,09:00:00,09:30:00,00:30:00,ogrody OGDY42,kórnicka KORN45,19
561,561,2025-10-27,7 połabska,09:00:00,09:30:00,00:30:00,ogrody OGDY42,kórnicka KORN45,19
562,562,2025-10-27,7 połabska,09:00:00,09:30:00,00:30:00,ogrody OGDY42,kórnicka KORN45,19
563,563,2025-10-27,7 połabska,09:00:00,09:30:00,00:30:00,ogrody OGDY42,kórnicka KORN45,19
564,564,2025-10-27,7 połabska,09:00:00,09:30:00,00:30:00,ogrody OGDY42,kórnicka KORN45,19
565,565,2025-10-27,7 połabska,09:00:00,09:30:00,00:30:00,ogrody OGDY42,kórnicka KORN45,19
566,566,2025-10-27,7 połabska,09:00:00,09:30:00,00:30:00,ogrody OGDY42,kórnicka KORN45,19
567,567,2025-10-27,7 połabska,09:00:00,09:30:00,00:30:00,ogrody OGDY42,kórnicka KORN45,19
568,568,2025-10-27,7 połabska,09:00:00,09:30:00,00:30:00,ogrody OGDY42,kórnicka KORN45,19
569,569,2025-10-27,7 połabska,09:00:00,09:30:00,00:30:00,ogrody OGDY42,kórnicka KORN45,19
570,570,2025-10-27,7 połabska,09:00:00,09:30:00,00:30:00,ogrody OGDY42,kórnicka KORN45,19
571,571,2025-10-27,7 połabska,09:00:00,09:30:00,00:30:00,ogrody OGDY42,kórnicka KORN45,19
572,572,2025-10-27,7 połabska,09:00:00,09:30:00,00:30:00,ogrody OGDY42,kórnicka KORN45,19
573,573,2025-10-27,7 połabska,09:00:00,09:30:00,00:30:00,ogrody OGDY42,kórnicka KORN45,19
574,574,2025-10-27,7 połabska,09:00:00,09:30:00,00:30:00,ogrody OGDY42,kórnicka KORN45,19
575,575,2025-10-27,7 połabska,09:00:00,09:30:00,00:30:00,ogrody OGDY42,kórnicka KORN45,19
576,576,2025-10-27,7 połabska,09:00:00,09:30:00,00:30:00,ogrody OGDY42,kórnicka KORN45,19
577,577,2025-10-27,7 połabska,09:00:00,09:30:00,00:30:00,ogrody OGDY42,kórnicka KORN45,19
578,578,2025-10-27,7 połabska,09:00:00,09:30:00,00:30:00,ogrody OGDY42,kórnicka KORN45,19
579,579,2025-10-27,7 połabska,09:00:00,09:30:00,00:30:00,ogrody OGDY42,kórnicka KORN45,19
580,580,2025-10-27,7 połabska,09:00:00,09:30:00,00:30:00,ogrody OGDY42,kórnicka KORN45,19
581,581,2025-10-28,7 połabska,09:00:00,09:30:00,00:30:00,ogrody OGDY42,kórnicka KORN45,19
582,582,2025-10-28,7 połabska,09:00:00,09:30:00,00:30:00,ogrody OGDY42,kórnicka KORN45,19
583,583,2025-10-28,7 połabska,09:00:00,09:30:00,00:30:00,ogrody OGDY42,kórnicka KORN45,19
584,584,2025-10-28,7 połabska,09:00:00,09:30:00,00:30:00,ogrody OGDY42,kórnicka KORN45,19
585,585,2025-10-28,7 połabska,09:00:00,09:30:00,00:30:00,ogrody OGDY42,kórnicka KORN45,19
586,586,2025-10-28,7 połabska,09:00:00,09:30:00,00:30:00,ogrody OGDY42,kórnicka KORN45,19
587,587,2025-10-28,7 połabska,09:00:00,09:30:00,00:30:00,ogrody OGDY42,kórnicka KORN45,19
588,588,2025-10-28,7 połabska,09:00:00,09:30:00,00:30:00,ogrody OGDY42,kórnicka KORN45,19
589,589,2025-10-28,7 połabska,09:00:00,09:30:00,00:30:00,ogrody OGDY42,kórnicka KORN45,19
590,590,2025-10-28,7 połabska,09:00:00,09:30:00,00:30:00,ogrody OGDY42,kórnicka KORN45,19
591,591,2025-10-28,7 połabska,09:00:00,09:30:00,00:30:00,ogrody OGDY42,kórnicka KORN45,19
592,592,2025-10-28,7 połabska,09:00:00,09:30:00,00:30:00,ogrody OGDY42,kórnicka KORN45,19
593,593,2025-10-28,7 połabska,09:00:00,09:30:00,00:30:00,ogrody OGDY42,kórnicka KORN45,19
594,594,2025-10-28,7 połabska,09:00:00,09:30:00,00:30:00,ogrody OGDY42,kórnicka KORN45,19
595,595,2025-10-28,7 połabska,09:00:00,09:30:00,00:30:00,ogrody OGDY42,kórnicka KORN45,19
596,596,2025-10-28,7 połabska,09:00:00,09:30:00,00:30:00,ogrody OGDY42,kórnicka KORN45,19
597,597,2025-10-28,7 połabska,09:00:00,09:30:00,00:30:00,ogrody OGDY42,kórnicka KORN45,19
598,598,2025-10-28,7 połabska,09:00:00,09:30:00,00:30:00,ogrody OGDY42,kórnicka KORN45,19
599,599,2025-10-28,7 połabska,09:00:00,09:30:00,00:30:00,ogrody OGDY42,kórnicka KORN45,19
600,600,2025-10-28,7 połabska,09:00:00,09:30:00,00:30:00,ogrody OGDY42,kórnicka KORN45,19
601,601,2025-10-28,7 połabska,09:00:00,09:30:00,00:30:00,ogrody OGDY42,kórnicka KORN45,19
602,602,2025-10-28,7 połabska,09:00:00,09:30:00,00:30:00,ogrody OGDY42,kórnicka KORN45,19
603,603,2025-10-28,7 połabska,09:00:00,09:30:00,00:30:00,ogrody OGDY42,kórnicka KORN45,19
604,604,2025-10-28,7 połabska,09:00:00,09:30:00,00:30:00,ogrody OGDY42,kórnicka KORN45,19
605,605,2025-10-28,7 połabska,09:00:00,09:30:00,00:30:00,ogrody OGDY42,kórnicka KORN45,19
606,606,2025-10-28,7 połabska,09:00:00,09:30:00,00:30:00,ogrody OGDY42,kórnicka KORN45,19
607,607,2025-10-28,7 połabska,09:00:00,09:30:00,00:30:00,ogrody OGDY42,kórnicka KORN45,19
608,608,2025-10-28,7 połabska,09:00:00,09:30:00,00:30:00,ogrody OGDY42,kórnicka KORN45,19
609,609,2025-10-28,7 połabska,09:00:00,09:30:00,00:30:00,ogrody OGDY42,kórnicka KORN45,19
610,610,2025-10-28,7 połabska,09:00:00,09:30:00,00:30:00,ogrody OGDY42,kórnicka KORN45,19
611,611,2025-10-28,7 połabska,09:00:00,09:30:00,00:30:00,ogrody OGDY42,kórnicka KORN45,19
612,612,2025-10-28,7 połabska,09:00:00,09:30:00,00:30:00,ogrody OGDY42,kórnicka KORN45,19
613,613,2025-10-28,7 połabska,09:00:00,09:30:00,00:30:00,ogrody OGDY42,kórnicka KORN45,19
614,614,2025-10-28,7 połabska,09:00:00,09:30:00,00:30:00,ogrody OGDY42,kórnicka KORN45,19
615,615,2025-10-29,7 połabska,09:00:00,09:30:00,00:30:00,ogrody OGDY42,kórnicka KORN45,19
616,616,2025-10-29,7 połabska,09:00:00,09:30:00,00:30:00,ogrody OGDY42,kórnicka KORN45,19
617,617,2025-10-29,7 połabska,09:00:00,09:30:00,00:30:00,ogrody OGDY42,kórnicka KORN45,19
618,618,2025-10-29,7 połabska,09:00:00,09:30:00,00:30:00,ogrody OGDY42,kórnicka KORN45,19
619,619,2025-10-29,7 połabska,09:00:00,09:30:00,00:30:00,ogrody OGDY42,kórnicka KORN45,19
620,620,2025-10-29,7 połabska,09:00:00,09:30:00,00:30:00,ogrody OGDY42,kórnicka KORN45,19
621,621,2025-10-29,7 połabska,09:00:00,09:30:00,00:30:00,ogrody OGDY42,kórnicka KORN45,19
622,622,2025-10-29,7 połabska,09:00:00,09:30:00,00:30:00,ogrody OGDY42,kórnicka KORN45,19
623,623,2025-10-29,7 połabska,09:00:00,09:30:00,00:30:00,ogrody OGDY42,kórnicka KORN45,19
624,624,2025-10-29,7 połabska,09:00:00,09:30:00,00:30:00,ogrody OGDY42,kórnicka KORN45,19
625,625,2025-10-29,7 połabska,09:00:00,09:30:00,00:30:00,ogrody OGDY42,kórnicka KORN45,19
626,626,2025-10-29,7 połabska,09:00:00,09:30:00,00:30:00,ogrody OGDY42,kórnicka KORN45,19
627,627,2025-10-29,7 połabska,09:00:00,09:30:00,00:30:00,ogrody OGDY42,kórnicka KORN45,19
628,628,2025-10-29,7 połabska,09:00:00,09:30:00,00:30:00,ogrody OGDY42,kórnicka KORN45,19
629,629,2025-10-29,7 połabska,09:00:00,09:30:00,00:30:00,ogrody OGDY42,kórnicka KORN45,19
630,630,2025-10-29,7 połabska,09:00:00,09:30:00,00:30:00,ogrody OGDY42,kórnicka KORN45,19
631,631,2025-10-29,7 połabska,09:00:00,09:30:00,00:30:00,ogrody OGDY42,kórnicka KORN45,19
632,632,2025-10-29,7 połabska,09:00:00,09:30:00,00:30:00,ogrody OGDY42,kórnicka KORN45,19
633,633,2025-10-29,7 połabska,09:00:00,09:30:00,00:30:00,ogrody OGDY42,kórnicka KORN45,19
634,634,2025-10-29,7 połabska,09:00:00,09:30:00,00:30:00,ogrody OGDY42,kórnicka KORN45,19
635,635,2025-10-29,7 połabska,09:00:00,09:30:00,00:30:00,ogrody OGDY42,kórnicka KORN45,19
636,636,2025-10-29,7 połabska,09:00:00,09:30:00,00:30:00,ogrody OGDY42,kórnicka KORN45,19
637,637,2025-10-29,7 połabska,09:00:00,09:30:00,00:30:00,ogrody OGDY42,kórnicka KORN45,19
638,638,2025-10-29,7 połabska,09:00:00,09:30:00,00:30:00,ogrody OGDY42,kórnicka KORN45,19
639,639,2025-10-29,7 połabska,09:00:00,09:30:00,00:30:00,ogrody OGDY42,kórnicka KORN45,19
640,640,2025-10-29,7 połabska,09:00:00,09:30:00,00:30:00,ogrody OGDY42,kórnicka KORN45,19
641,641,2025-10-29,7 połabska,09:00:00,09:30:00,00:30:00,ogrody OGDY42,kórnicka KORN45,19
642,642,2025-10-29,7 połabska,09:00:00,09:30:00,00:30:00,ogrody OGDY42,kórnicka KORN45,19
643,643,2025-10-29,7 połabska,09:00:00,09:30:00,00:30:00,ogrody OGDY42,kórnicka KORN45,19
644,644,2025-10-29,7 połabska,09:00:00,09:30:00,00:30:00,ogrody OGDY42,kórnicka KORN45,19
645,645,2025-10-29,7 połabska,09:00:00,09:30:00,00:30:00,ogrody OGDY42,kórnicka KORN45,19
646,646,2025-10-30,7 połabska,09:00:00,09:30:00,00:30:00,ogrody OGDY42,kórnicka KORN45,19
647,647,2025-10-30,7 połabska,09:00:00,09:30:00,00:30:00,ogrody OGDY42,kórnicka KORN45,19
648,648,2025-10-30,7 połabska,09:00:00,09:30:00,00:30:00,ogrody OGDY42,kórnicka KORN45,19
649,649,2025-10-30,7 połabska,09:00:00,09:30:00,00:30:00,ogrody OGDY42,kórnicka KORN45,19
650,650,2025-10-30,7 połabska,09:00:00,09:30:00,00:30:00,ogrody OGDY42,kórnicka KORN45,19
651,651,2025-10-30,7 połabska,09:00:00,09:30:00,00:30:00,ogrody OGDY42,kórnicka KORN45,19
652,652,2025-10-30,7 połabska,09:00:00,09:30:00,00:30:00,ogrody OGDY42,kórnicka KORN45,19
653,653,2025-10-30,7 połabska,09:00:00,09:30:00,00:30:00,ogrody OGDY42,kórnicka KORN45,19
654,654,2025-10-30,7 połabska,09:00:00,09:30:00,00:30:00,ogrody OGDY42,kórnicka KORN45,19
655,655,2025-10-30,7 połabska,09:00:00,09:30:00,00:30:00,ogrody OGDY42,kórnicka KORN45,19
656,656,2025-10-30,7 połabska,09:00:00,09:30:00,00:30:00,ogrody OGDY42,kórnicka KORN45,19
657,657,2025-10-30,7 połabska,09:00:00,09:30:00,00:30:00,ogrody OGDY42,kórnicka KORN45,19
658,658,2025-10-30,7 połabska,09:00:00,09:30:00,00:30:00,ogrody OGDY42,kórnicka KORN45,19
659,659,2025-10-30,7 połabska,09:00:00,09:30:00,00:30:00,ogrody OGDY42,kórnicka KORN45,19
660,660,2025-10-30,7 połabska,09:00:00,09:30:00,00:30:00,ogrody OGDY42,kórnicka KORN45,19
661,661,2025-10-30,7 połabska,09:00:00,09:30:00,00:30:00,ogrody OGDY42,kórnicka KORN45,19
662,662,2025-10-30,7 połabska,09:00:00,09:30:00,00:30:00,ogrody OGDY42,kórnicka KORN45,19
663,663,2025-10-30,7 połabska,09:00:00,09:30:00,00:30:00,ogrody OGDY42,kórnicka KORN45,19
664,664,2025-10-30,7 połabska,09:00:00,09:30:00,00:30:00,ogrody OGDY42,kórnicka KORN45,19
665,665,2025-10-30,7 połabska,09:00:00,09:30:00,00:30:00,ogrody OGDY42,kórnicka KORN45,19
666,666,2025-10-30,7 połabska,09:00:00,09:30:00,00:30:00,ogrody OGDY42,kórnicka KORN45,19
667,667,2025-10-30,7 połabska,09:00:00,09:30:00,00:30:00,ogrody OGDY42,kórnicka KORN45,19
668,668,2025-10-30,7 połabska,09:00:00,09:30:00,00:30:00,ogrody OGDY42,kórnicka KORN45,19
669,669,2025-10-30,7 połabska,09:00:00,09:30:00,00:30:00,ogrody OGDY42,kórnicka KORN45,19
670,670,2025-10-30,7 połabska,09:00:00,09:30:00,00:30:00,ogrody OGDY42,kórnicka KORN45,19
671,671,2025-10-30,7 połabska,09:00:00,09:30:00,00:30:00,ogrody OGDY42,kórnicka KORN45,19
672,672,2025-10-30,7 połabska,09:00:00,09:30:00,00:30:00,ogrody OGDY42,kórnicka KORN45,19
673,673,2025-10-30,7 połabska,09:00:00,09:30:00,00:30:00,ogrody OGDY42,kórnicka KORN45,19
674,674,2025-10-30,7 połabska,09:00:00,09:30:00,00:30:00,ogrody OGDY42,kórnicka KORN45,19
675,675,2025-10-30,7 połabska,09:00:00,09:30:00,00:30:00,ogrody OGDY42,kórnicka KORN45,19
676,676,2025-10-30,7 połabska,09:00:00,09:30:00,00:30:00,ogrody OGDY42,kórnicka KORN45,19
677,677,2025-10-30,7 połabska,09:00:00,09:30:00,00:30:00,ogrody OGDY42,kórnicka KORN45,19
678,678,2025-10-30,7 połabska,09:00:00,09:30:00,00:30:00,ogrody OGDY42,kórnicka KORN45,19
679,679,2025-10-30,7 połabska,09:00:00,09:30:00,00:30:00,ogrody OGDY42,kórnicka KORN45,19
680,680,2025-10-30,7 połabska,09:00:00,09:30:00,00:30:00,ogrody OGDY42,kórnicka KORN45,19
681,681,2025-10-30,7 połabska,09:00:00,09:30:00,00:30:00,ogrody OGDY42,kórnicka KORN45,19
682,682,2025-10-30,7 połabska,09:00:00,09:30:00,00:30:00,ogrody OGDY42,kórnicka KORN45,19
683,683,2025-10-30,7 połabska,09:00:00,09:30:00,00:30:00,ogrody OGDY42,kórnicka KORN45,19
684,684,2025-10-30,7 połabska,09:00:00,09:30:00,00:30:00,ogrody OGDY42,kórnicka KORN45,19
685,685,2025-11-01,7 połabska,09:00:00,09:30:00,00:30:00,ogrody OGDY42,kórnicka KORN45,19
686,686,2025-11-01,7 połabska,09:00:00,09:30:00,00:30:00,ogrody OGDY42,kórnicka KORN45,19
687,687,2025-11-01,7 połabska,09:00:00,09:30:00,00:30:00,ogrody OGDY42,kórnicka KORN45,19
688,688,2025-11-01,7 połabska,09:00:00,09:30:00,00:30:00,ogrody OGDY42,kórnicka KORN45,19
689,689,2025-11-01,7 połabska,09:00:00,09:30:00,00:30:00,ogrody OGDY42,kórnicka KORN45,19
690,690,2025-11-01,7 połabska,09:00:00,09:30:00,00:30:00,ogrody OGDY42,kórnicka KORN45,19
691,691,2025-11-01,7 połabska,09:00:00,09:30:00,00:30:00,ogrody OGDY42,kórnicka KORN45,19
692,692,2025-11-01,7 połabska,09:00:00,09:30:00,00:30:00,ogrody OGDY42,kórnicka KORN45,19
693,693,2025-11-01,7 połabska,09:00:00,09:30:00,00:30:00,ogrody OGDY42,kórnicka KORN45,19
694,694,2025-11-01,7 połabska,09:00:00,09:30:00,00:30:00,ogrody OGDY42,kórnicka KORN45,19
695,695,2025-11-01,7 połabska,09:00:00,09:30:00,00:30:00,ogrody OGDY42,kórnicka KORN45,19
696,696,2025-11-01,7 połabska,09:00:00,09:30:00,00:30:00,ogrody OGDY42,kórnicka KORN45,19
697,697,2025-11-01,7 połabska,09:00:00,09:30:00,00:30:00,ogrody OGDY42,kórnicka KORN45,19
698,698,2025-11-01,7 połabska,09:00:00,09:30:00,00:30:00,ogrody OGDY42,kórnicka KORN45,19
699,699,2025-11-01,7 połabska,09:00:00,09:30:00,00:30:00,ogrody OGDY42,kórnicka KORN45,19
700,700,2025-11-01,7 połabska,09:00:00,09:30:00,00:30:00,ogrody OGDY42,kórnicka KORN45,19
701,701,2025-11-01,7 połabska,09:00:00,09:30:00,00:30:00,ogrody OGDY42,kórnicka KORN45,19
702,702,2025-11-01,7 połabska,09:00:00,09:30:00,00:30:00,ogrody OGDY42,kórnicka KORN45,19
703,703,2025-11-01,7 połabska,09:00:00,09:30:00,00:30:00,ogrody OGDY42,kórnicka KORN45,19
704,704,2025-11-01,7 połabska,09:00:00,09:30:00,00:30:00,ogrody OGDY42,kórnicka KORN45,19
705,705,2025-11-01,7 połabska,09:00:00,09:30:00,00:30:00,ogrody OGDY42,kórnicka KORN45,19
706,706,2025-11-01,7 połabska,09:00:00,09:30:00,00:30:00,ogrody OGDY42,kórnicka KORN45,19
707,707,2025-11-01,7 połabska,09:00:00,09:30:00,00:30:00,ogrody OGDY42,kórnicka KORN45,19
708,708,2025-11-01,7 połabska,09:00:00,09:30:00,00:30:00,ogrody OGDY42,kórnicka KORN45,19
709,709,2025-11-01,7 połabska,09:00:00,09:30:00,00:30:00,ogrody OGDY42,kórnicka KORN45,19
710,710,2025-11-01,7 połabska,09:00:00,09:30:00,00:30:00,ogrody OGDY42,kórnicka KORN45,19
711,711,2025-11-01,7 połabska,09:00:00,09:30:00,00:30:00,ogrody OGDY42,kórnicka KORN45,19
712,712,2025-11-01,7 połabska,09:00:00,09:30:00,00:30:00,ogrody OGDY42,kórnicka KORN45,19
713,713,2025-11-01,7 połabska,09:00:00,09:30:00,00:30:00,ogrody OGDY42,kórnicka KORN45,19
714,714,2025-11-01,7 połabska,09:00:00,09:30:00,00:30:00,ogrody OGDY42,kórnicka KORN45,19
715,715,2025-11-01,7 połabska,09:00:00,09:30:00,00:30:00,ogrody OGDY42,kórnicka KORN45,19
716,716,2025-11-01,7 połabska,09:00:00,09:30:00,00:30:00,ogrody OGDY42,kórnicka KORN45,19
717,717,2025-11-01,7 połabska,09:00:00,09:30:00,00:30:00,ogrody OGDY42,kórnicka KORN45,19
718,718,2025-11-01,7 połabska,09:00:00,09:30:00,00:30:00,ogrody OGDY42,kórnicka KORN45,19
719,719,2025-11-01,7 połabska,09:00:00,09:30:00,00:30:00,ogrody OGDY42,kórnicka KORN45,19
720,720,2025-11-01,7 połabska,09:00:00,09:30:00,00:30:00,ogrody OGDY42,kórnicka KORN45,19
721,721,2025-11-01,7 połabska,09:00:00,09:30:00,00:30:00,ogrody OGDY42,kórnicka KORN45,19
722,722,2025-11-01,7 połabska,09:00:00,09:30:00,00:30:00,ogrody OGDY42,kórnicka KORN45,19
723,723,2025-11-01,7 połabska,09:00:00,09:30:00,00:30:00,ogrody OGDY42,kórnicka KORN45,19
724,724,2025-11-02,7 połabska,09:00:00,09:30:00,00:30:00,ogrody OGDY42,kórnicka KORN45,19
725,725,2025-11-02,7 połabska,09:00:00,09:30:00,00:30:00,ogrody OGDY42,kórnicka KORN45,19
726,726,2025-11-02,7 połabska,09:00:00,09:30:00,00:30:00,ogrody OGDY42,kórnicka KORN45,19
727,727,2025-11-02,7 połabska,09:00:00,09:30:00,00:30:00,ogrody OGDY42,kórnicka KORN45,19
728,728,2025-11-02,7 połabska,09:00:00,09:30:00,00:30:00,ogrody OGDY42,kórnicka KORN45,19
729,729,2025-11-02,7 połabska,09:00:00,09:30:00,00:30:00,ogrody OGDY42,kórnicka KORN45,19
730,730,2025-11-02,7 połabska,09:00:00,09:30:00,00:30:00,ogrody OGDY42,kórnicka KORN45,19
731,731,2025-11-02,7 połabska,09:00:00,09:30:00,00:30:00,ogrody OGDY42,kórnicka KORN45,19
732,732,2025-11-02,7 połabska,09:00:00,09:30:00,00:30:00,ogrody OGDY42,kórnicka KORN45,19
733,733,2025-11-02,7 połabska,09:00:00,09:30:00,00:30:00,ogrody OGDY42,kórnicka KORN45,19
734,734,2025-11-02,7 połabska,09:00:00,09:30:00,00:30:00,ogrody OGDY42,kórnicka KORN45,19
735,735,2025-11-02,7 połabska,09:00:00,09:30:00,00:30:00,ogrody OGDY42,kórnicka KORN45,19
736,736,2025-11-02,7 połabska,09:00:00,09:30:00,00:30:00,ogrody OGDY42,kórnicka KORN45,19
737,737,2025-11-02,7 połabska,09:00:00,09:30:00,00:30:00,ogrody OGDY42,kórnicka KORN45,19
738,738,2025-11-02,7 połabska,09:00:00,09:30:00,00:30:00,ogrody OGDY42,kórnicka KORN45,19
739,739,2025-11-02,7 połabska,09:00:00,09:30:00,00:30:00,ogrody OGDY42,kórnicka KORN45,19
740,740,2025-11-02,7 połabska,09:00:00,09:30:00,00:30:00,ogrody OGDY42,kórnicka KORN45,19
741,741,2025-11-02,7 połabska,09:00:00,09:30:00,00:30:00,ogrody OGDY42,kórnicka KORN45,19
742,742,2025-11-02,7 połabska,09:00:00,09:30:00,00:30:00,ogrody OGDY42,kórnicka KORN45,19
743,743,2025-11-02,7 połabska,09:00:00,09:30:00,00:30:00,ogrody OGDY42,kórnicka KORN45,19
744,744,2025-11-02,7 połabska,09:00:00,09:30:00,00:30:00,ogrody OGDY42,kórnicka KORN45,19
745,745,2025-11-02,7 połabska,09:00:00,09:30:00,00:30:00,ogrody OGDY42,kórnicka KORN45,19
746,746,2025-11-02,7 połabska,09:00:00,09:30:00,00:30:00,ogrody OGDY42,kórnicka KORN45,19
747,747,2025-11-02,7 połabska,09:00:00,09:30:00,00:30:00,ogrody OGDY42,kórnicka KORN45,19
748,748,2025-11-02,7 połabska,09:00:00,09:30:00,00:30:00,ogrody OGDY42,kórnicka KORN45,19
749,749,2025-11-02,7 połabska,09:00:00,09:30:00,00:30:00,ogrody OGDY42,kórnicka KORN45,19
750,750,2025-11-02,7 połabska,09:00:00,09:30:00,00:30:00,ogrody OGDY42,kórnicka KORN45,19
751,751,2025-11-02,7 połabska,09:00:00,09:30:00,00:30:00,ogrody OGDY42,kórnicka KORN45,19
752,752,2025-11-02,7 połabska,09:00:00,09:30:00,00:30:00,ogrody OGDY42,kórnicka KORN45,19
753,753,2025-11-02,7 połabska,09:00:00,09:30:00,00:30:00,ogrody OGDY42,kórnicka KORN45,19
754,754,2025-11-02,7 połabska,09:00:00,09:30:00,00:30:00,ogrody OGDY42,kórnicka KORN45,19
755,755,2025-11-02,7 połabska,09:00:00,09:30:00,00:30:00,ogrody OGDY42,kórnicka KORN45,19
756,756,2025-11-02,7 połabska,09:00:00,09:30:00,00:30:00,ogrody OGDY42,kórnicka KORN45,19
757,757,2025-11-02,7 połabska,09:00:00,09:30:00,00:30:00,ogrody OGDY42,kórnicka KORN45,19
758,758,2025-11-02,7 połabska,09:00:00,09:30:00,00:30:00,ogrody OGDY42,kórnicka KORN45,19
759,759,2025-11-02,7 połabska,09:00:00,09:30:00,00:30:00,ogrody OGDY42,kórnicka KORN45,19
760,760,2025-11-02,7 połabska,09:00:00,09:30:00,00:30:00,ogrody OGDY42,kórnicka KORN45,19
761,761,2025-11-02,7 połabska,09:00:00,09:30:00,00:30:00,ogrody OGDY42,kórnicka KORN45,19
762,762,2025-11-02,7 połabska,09:00:00,09:30:00,00:30:00,ogrody OGDY42,kórnicka KORN45,19
763,763,2025-11-02,7 połabska,09:00:00,09:30:00,00:30:00,ogrody OGDY42,kórnicka KORN45,19
764,764,2025-11-02,7 połabska,09:00:00,09:30:00,00:30:00,ogrody OGDY42,kórnicka KORN45,19
765,765,2025-11-02,7 połabska,09:00:00,09:30:00,00:30:00,ogrody OGDY42,kórnicka KORN45,19
766,766,2025-11-03,7 połabska,09:00:00,09:30:00,00:30:00,ogrody OGDY42,kórnicka KORN45,19
767,767,2025-11-03,7 połabska,09:00:00,09:30:00,00:30:00,ogrody OGDY42,kórnicka KORN45,19
768,768,2025-11-03,7 połabska,09:00:00,09:30:00,00:30:00,ogrody OGDY42,kórnicka KORN45,19
769,769,2025-11-03,7 połabska,09:00:00,09:30:00,00:30:00,ogrody OGDY42,kórnicka KORN45,19
770,770,2025-11-03,7 połabska,09:00:00,09:30:00,00:30:00,ogrody OGDY42,kórnicka KORN45,19
771,771,2025-11-03,7 połabska,09:00:00,09:30:00,00:30:00,ogrody OGDY42,kórnicka KORN45,19
772,772,2025-11-03,7 połabska,09:00:00,09:30:00,00:30:00,ogrody OGDY42,kórnicka KORN45,19
773,773,2025-11-03,7 połabska,09:00:00,09:30:00,00:30:00,ogrody OGDY42,kórnicka KORN45,19
774,774,2025-11-03,7 połabska,09:00:00,09:30:00,00:30:00,ogrody OGDY42,kórnicka KORN45,19
775,775,2025-11-03,7 połabska,09:00:00,09:30:00,00:30:00,ogrody OGDY42,kórnicka KORN45,19
776,776,2025-11-03,7 połabska,09:00:00,09:30:00,00:30:00,ogrody OGDY42,kórnicka KORN45,19
777,777,2025-11-03,7 połabska,09:00:00,09:30:00,00:30:00,ogrody OGDY42,kórnicka KORN45,19
778,778,2025-11-03,7 połabska,09:00:00,09:30:00,00:30:00,ogrody OGDY42,kórnicka KORN45,19
779,779,2025-11-03,7 połabska,09:00:00,09:30:00,00:30:00,ogrody OGDY42,kórnicka KORN45,19
780,780,2025-11-03,7 połabska,09:00:00,09:30:00,00:30:00,ogrody OGDY42,kórnicka KORN45,19
781,781,2025-11-03,7 połabska,09:00:00,09:30:00,00:30:00,ogrody OGDY42,kórnicka KORN45,19
782,782,2025-11-03,7 połabska,09:00:00,09:30:00,00:30:00,ogrody OGDY42,kórnicka KORN45,19
783,783,2025-11-03,7 połabska,09:00:00,09:30:00,00:30:00,ogrody OGDY42,kórnicka KORN45,19
784,784,2025-11-03,7 połabska,09:00:00,09:30:00,00:30:00,ogrody OGDY42,kórnicka KORN45,19
785,785,2025-11-03,7 połabska,09:00:00,09:30:00,00:30:00,ogrody OGDY42,kórnicka KORN45,19
786,786,2025-11-03,7 połabska,09:00:00,09:30:00,00:30:00,ogrody OGDY42,kórnicka KORN45,19
787,787,2025-11-03,7 połabska,09:00:00,09:30:00,00:30:00,ogrody OGDY42,kórnicka KORN45,19
788,788,2025-11-03,7 połabska,09:00:00,09:30:00,00:30:00,ogrody OGDY42,kórnicka KORN45,19
789,789,2025-11-03,7 połabska,09:00:00,09:30:00,00:30:00,ogrody OGDY42,kórnicka KORN45,19
790,790,2025-11-03,7 połabska,09:00:00,09:30:00,00:30:00,ogrody OGDY42,kórnicka KORN45,19
791,791,2025-11-03,7 połabska,09:00:00,09:30:00,00:30:00,ogrody OGDY42,kórnicka KORN45,19
792,792,2025-11-03,7 połabska,09:00:00,09:30:00,00:30:00,ogrody OGDY42,kórnicka KORN45,19
793,793,2025-11-03,7 połabska,09:00:00,09:30:00,00:30:00,ogrody OGDY42,kórnicka KORN45,19
794,794,2025-11-03,7 połabska,09:00:00,09:30:00,00:30:00,ogrody OGDY42,kórnicka KORN45,19
795,795,2025-11-03,7 połabska,09:00:00,09:30:00,00:30:00,ogrody OGDY42,kórnicka KORN45,19
796,796,2025-11-04,7 połabska,09:00:00,09:30:00,00:30:00,ogrody OGDY42,kórnicka KORN45,19
797,797,2025-11-04,7 połabska,09:00:00,09:30:00,00:30:00,ogrody OGDY42,kórnicka KORN45,19
798,798,2025-11-04,7 połabska,09:00:00,09:30:00,00:30:00,ogrody OGDY42,kórnicka KORN45,19
799,799,2025-11-04,7 połabska,09:00:00,09:30:00,00:30:00,ogrody OGDY42,kórnicka KORN45,19
800,800,2025-11-04,7 połabska,09:00:00,09:30:00,00:30:00,ogrody OGDY42,kórnicka KORN45,19
801,801,2025-11-04,7 połabska,09:00:00,09:30:00,00:30:00,ogrody OGDY42,kórnicka KORN45,19
802,802,2025-11-04,7 połabska,09:00:00,09:30:00,00:30:00,ogrody OGDY42,kórnicka KORN45,19
803,803,2025-11-04,7 połabska,09:00:00,09:30:00,00:30:00,ogrody OGDY42,kórnicka KORN45,19
804,804,2025-11-04,7 połabska,09:00:00,09:30:00,00:30:00,ogrody OGDY42,kórnicka KORN45,19
805,805,2025-11-04,7 połabska,09:00:00,09:30:00,00:30:00,ogrody OGDY42,kórnicka KORN45,19
806,806,2025-11-04,7 połabska,09:00:00,09:30:00,00:30:00,ogrody OGDY42,kórnicka KORN45,19
807,807,2025-11-04,7 połabska,09:00:00,09:30:00,00:30:00,ogrody OGDY42,kórnicka KORN45,19
808,808,2025-11-04,7 połabska,09:00:00,09:30:00,00:30:00,ogrody OGDY42,kórnicka KORN45,19
809,809,2025-11-04,7 połabska,09:00:00,09:30:00,00:30:00,ogrody OGDY42,kórnicka KORN45,19
810,810,2025-11-04,7 połabska,09:00:00,09:30:00,00:30:00,ogrody OGDY42,kórnicka KORN45,19
811,811,2025-11-04,7 połabska,09:00:00,09:30:00,00:30:00,ogrody OGDY42,kórnicka KORN45,19
812,812,2025-11-04,7 połabska,09:00:00,09:30:00,00:30:00,ogrody OGDY42,kórnicka KORN45,19
813,813,2025-11-04,7 połabska,09:00:00,09:30:00,00:30:00,ogrody OGDY42,kórnicka KORN45,19
814,814,2025-11-04,7 połabska,09:00:00,09:30:00,00:30:00,ogrody OGDY42,kórnicka KORN45,19
815,815,2025-11-04,7 połabska,09:00:00,09:30:00,00:30:00,ogrody OGDY42,kórnicka KORN45,19
816,816,2025-11-04,7 połabska,09:00:00,09:30:00,00:30:00,ogrody OGDY42,kórnicka KORN45,19
817,817,2025-11-04,7 połabska,09:00:00,09:30:00,00:30:00,ogrody OGDY42,kórnicka KORN45,19
818,818,2025-11-04,7 połabska,09:00:00,09:30:00,00:30:00,ogrody OGDY42,kórnicka KORN45,19
819,819,2025-11-04,7 połabska,09:00:00,09:30:00,00:30:00,ogrody OGDY42,kórnicka KORN45,19
820,820,2025-11-04,7 połabska,09:00:00,09:30:00,00:30:00,ogrody OGDY42,kórnicka KORN45,19
821,821,2025-11-04,7 połabska,09:00:00,09:30:00,00:30:00,ogrody OGDY42,kórnicka KORN45,19
822,822,2025-11-04,7 połabska,09:00:00,09:30:00,00:30:00,ogrody OGDY42,kórnicka KORN45,19
823,823,2025-11-04,7 połabska,09:00:00,09:30:00,00:30:00,ogrody OGDY42,kórnicka KORN45,19
824,824,2025-11-04,7 połabska,09:00:00,09:30:00,00:30:00,ogrody OGDY42,kórnicka KORN45,19
825,825,2025-11-04,7 połabska,09:00:00,09:30:00,00:30:00,ogrody OGDY42,kórnicka KORN45,19
826,826,2025-11-04,7 połabska,09:00:00,09:30:00,00:30:00,ogrody OGDY42,kórnicka KORN45,19
827,827,2025-11-04,7 połabska,09:00:00,09:30:00,00:30:00,ogrody OGDY42,kórnicka KORN45,19
828,828,2025-11-04,7 połabska,09:00:00,09:30:00,00:30:00,ogrody OGDY42,kórnicka KORN45,19
829,829,2025-11-04,7 połabska,09:00:00,09:30:00,00:30:00,ogrody OGDY42,kórnicka KORN45,19
830,830,2025-11-04,7 połabska,09:00:00,09:30:00,00:30:00,ogrody OGDY42,kórnicka KORN45,19
831,831,2025-11-05,7 połabska,09:00:00,09:30:00,00:30:00,ogrody OGDY42,kórnicka KORN45,19
832,832,2025-11-05,7 połabska,09:00:00,09:30:00,00:30:00,ogrody OGDY42,kórnicka KORN45,19
833,833,2025-11-05,7 połabska,09:00:00,09:30:00,00:30:00,ogrody OGDY42,kórnicka KORN45,19
834,834,2025-11-05,7 połabska,09:00:00,09:30:00,00:30:00,ogrody OGDY42,kórnicka KORN45,19
835,835,2025-11-05,7 połabska,09:00:00,09:30:00,00:30:00,ogrody OGDY42,kórnicka KORN45,19
836,836,2025-11-05,7 połabska,09:00:00,09:30:00,00:30:00,ogrody OGDY42,kórnicka KORN45,19
837,837,2025-11-05,7 połabska,09:00:00,09:30:00,00:30:00,ogrody OGDY42,kórnicka KORN45,19
838,838,2025-11-05,7 połabska,09:00:00,09:30:00,00:30:00,ogrody OGDY42,kórnicka KORN45,19
839,839,2025-11-05,7 połabska,09:00:00,09:30:00,00:30:00,ogrody OGDY42,kórnicka KORN45,19
840,840,2025-11-05,7 połabska,09:00:00,09:30:00,00:30:00,ogrody OGDY42,kórnicka KORN45,19
841,841,2025-11-05,7 połabska,09:00:00,09:30:00,00:30:00,ogrody OGDY42,kórnicka KORN45,19
842,842,2025-11-05,7 połabska,09:00:00,09:30:00,00:30:00,ogrody OGDY42,kórnicka KORN45,19
843,843,2025-11-05,7 połabska,09:00:00,09:30:00,00:30:00,ogrody OGDY42,kórnicka KORN45,19
844,844,2025-11-05,7 połabska,09:00:00,09:30:00,00:30:00,ogrody OGDY42,kórnicka KORN45,19
845,845,2025-11-05,7 połabska,09:00:00,09:30:00,00:30:00,ogrody OGDY42,kórnicka KORN45,19
846,846,2025-11-05,7 połabska,09:00:00,09:30:00,00:30:00,ogrody OGDY42,kórnicka KORN45,19
847,847,2025-11-05,7 połabska,09:00:00,09:30:00,00:30:00,ogrody OGDY42,kórnicka KORN45,19
848,848,2025-11-05,7 połabska,09:00:00,09:30:00,00:30:00,ogrody OGDY42,kórnicka KORN45,19
849,849,2025-11-05,7 połabska,09:00:00,09:30:00,00:30:00,ogrody OGDY42,kórnicka KORN45,19
850,850,2025-11-05,7 połabska,09:00:00,09:30:00,00:30:00,ogrody OGDY42,kórnicka KORN45,19
851,851,2025-11-05,7 połabska,09:00:00,09:30:00,00:30:00,ogrody OGDY42,kórnicka KORN45,19
852,852,2025-11-05,7 połabska,09:00:00,09:30:00,00:30:00,ogrody OGDY42,kórnicka KORN45,19
853,853,2025-11-05,7 połabska,09:00:00,09:30:00,00:30:00,ogrody OGDY42,kórnicka KORN45,19
854,854,2025-11-05,7 połabska,09:00:00,09:30:00,00:30:00,ogrody OGDY42,kórnicka KORN45,19
855,855,2025-11-05,7 połabska,09:00:00,09:30:00,00:30:00,ogrody OGDY42,kórnicka KORN45,19
856,856,2025-11-05,7 połabska,09:00:00,09:30:00,00:30:00,ogrody OGDY42,kórnicka KORN45,19
857,857,2025-11-05,7 połabska,09:00:00,09:30:00,00:30:00,ogrody OGDY42,kórnicka KORN45,19
858,858,2025-11-05,7 połabska,09:00:00,09:30:00,00:30:00,ogrody OGDY42,kórnicka KORN45,19
859,859,2025-11-05,7 połabska,09:00:00,09:30:00,00:30:00,ogrody OGDY42,kórnicka KORN45,19
860,860,2025-11-05,7 połabska,09:00:00,09:30:00,00:30:00,ogrody OGDY42,kórnicka KORN45,19
861,861,2025-11-05,7 połabska,09:00:00,09:30:00,00:30:00,ogrody OGDY42,kórnicka KORN45,19
862,862,2025-11-05,7 połabska,09:00:00,09:30:00,00:30:00,ogrody OGDY42,kórnicka KORN45,19
863,863,2025-11-05,7 połabska,09:00:00,09:30:00,00:30:00,ogrody OGDY42,kórnicka KORN45,19
864,864,2025-11-05,7 połabska,09:00:00,09:30:00,00:30:00,ogrody OGDY42,kórnicka KORN45,19
865,865,2025-11-05,7 połabska,09:00:00,09:30:00,00:30:00,ogrody OGDY42,kórnicka KORN45,19
866,866,2025-11-05,7 połabska,09:00:00,09:30:00,00:30:00,ogrody OGDY42,kórnicka KORN45,19
867,867,2025-11-05,7 połabska,09:00:00,09:30:00,00:30:00,ogrody OGDY42,kórnicka KORN45,19
868,868,2025-11-05,7 połabska,09:00:00,09:30:00,00:30:00,ogrody OGDY42,kórnicka KORN45,19
869,869,2025-11-06,7 połabska,09:00:00,09:30:00,00:30:00,ogrody OGDY42,kórnicka KORN45,19
870,870,2025-11-06,7 połabska,09:00:00,09:30:00,00:30:00,ogrody OGDY42,kórnicka KORN45,19
871,871,2025-11-06,7 połabska,09:00:00,09:30:00,00:30:00,ogrody OGDY42,kórnicka KORN45,19
872,872,2025-11-06,7 połabska,09:00:00,09:30:00,00:30:00,ogrody OGDY42,kórnicka KORN45,19
873,873,2025-11-06,7 połabska,09:00:00,09:30:00,00:30:00,ogrody OGDY42,kórnicka KORN45,19
874,874,2025-11-06,7 połabska,09:00:00,09:30:00,00:30:00,ogrody OGDY42,kórnicka KORN45,19
875,875,2025-11-06,7 połabska,09:00:00,09:30:00,00:30:00,ogrody OGDY42,kórnicka KORN45,19
876,876,2025-11-06,7 połabska,09:00:00,09:30:00,00:30:00,ogrody OGDY42,kórnicka KORN45,19
877,877,2025-11-06,7 połabska,09:00:00,09:30:00,00:30:00,ogrody OGDY42,kórnicka KORN45,19
878,878,2025-11-06,7 połabska,09:00:00,09:30:00,00:30:00,ogrody OGDY42,kórnicka KORN45,19
879,879,2025-11-06,7 połabska,09:00:00,09:30:00,00:30:00,ogrody OGDY42,kórnicka KORN45,19
880,880,2025-11-06,7 połabska,09:00:00,09:30:00,00:30:00,ogrody OGDY42,kórnicka KORN45,19
881,881,2025-11-06,7 połabska,09:00:00,09:30:00,00:30:00,ogrody OGDY42,kórnicka KORN45,19
882,882,2025-11-06,7 połabska,09:00:00,09:30:00,00:30:00,ogrody OGDY42,kórnicka KORN45,19
883,883,2025-11-06,7 połabska,09:00:00,09:30:00,00:30:00,ogrody OGDY42,kórnicka KORN45,19
884,884,2025-11-06,7 połabska,09:00:00,09:30:00,00:30:00,ogrody OGDY42,kórnicka KORN45,19
885,885,2025-11-06,7 połabska,09:00:00,09:30:00,00:30:00,ogrody OGDY42,kórnicka KORN45,19
886,886,2025-11-06,7 połabska,09:00:00,09:30:00,00:30:00,ogrody OGDY42,kórnicka KORN45,19
887,887,2025-11-06,7 połabska,09:00:00,09:30:00,00:30:00,ogrody OGDY42,kórnicka KORN45,19
888,888,2025-11-06,7 połabska,09:00:00,09:30:00,00:30:00,ogrody OGDY42,kórnicka KORN45,19
889,889,2025-11-06,7 połabska,09:00:00,09:30:00,00:30:00,ogrody OGDY42,kórnicka KORN45,19
890,890,2025-11-06,7 połabska,09:00:00,09:30:00,00:30:00,ogrody OGDY42,kórnicka KORN45,19
891,891,2025-11-06,7 połabska,09:00:00,09:30:00,00:30:00,ogrody OGDY42,kórnicka KORN45,19
892,892,2025-11-06,7 połabska,09:00:00,09:30:00,00:30:00,ogrody OGDY42,kórnicka KORN45,19
893,893,2025-11-06,7 połabska,09:00:00,09:30:00,00:30:00,ogrody OGDY42,kórnicka KORN45,19
894,894,2025-11-06,7 połabska,09:00:00,09:30:00,00:30:00,ogrody OGDY42,kórnicka KORN45,19
895,895,2025-11-06,7 połabska,09:00:00,09:30:00,00:30:00,ogrody OGDY42,kórnicka KORN45,19
896,896,2025-11-06,7 połabska,09:00:00,09:30:00,00:30:00,ogrody OGDY42,kórnicka KORN45,19
897,897,2025-11-06,7 połabska,09:00:00,09:30:00,00:30:00,ogrody OGDY42,kórnicka KORN45,19
898,898,2025-11-06,7 połabska,09:00:00,09:30:00,00:30:00,ogrody OGDY42,kórnicka KORN45,19
899,899,2025-11-06,7 połabska,09:00:00,09:30:00,00:30:00,ogrody OGDY42,kórnicka KORN45,19
900,900,2025-11-06,7 połabska,09:00:00,09:30:00,00:30:00,ogrody OGDY42,kórnicka KORN45,19
901,901,2025-11-06,7 połabska,09:00:00,09:30:00,00:30:00,ogrody OGDY42,kórnicka KORN45,19
902,902,2025-11-06,7 połabska,09:00:00,09:30:00,00:30:00,ogrody OGDY42,kórnicka KORN45,19
903,903,2025-11-06,7 połabska,09:00:00,09:30:00,00:30:00,ogrody OGDY42,kórnicka KORN45,19
904,904,2025-11-06,7 połabska,09:00:00,09:30:00,00:30:00,ogrody OGDY42,kórnicka KORN45,19
905,905,2025-11-06,7 połabska,09:00:00,09:30:00,00:30:00,ogrody OGDY42,kórnicka KORN45,19
906,906,2025-11-07,7 połabska,09:00:00,09:30:00,00:30:00,ogrody OGDY42,kórnicka KORN45,19
907,907,2025-11-07,7 połabska,09:00:00,09:30:00,00:30:00,ogrody OGDY42,kórnicka KORN45,19
908,908,2025-11-07,7 połabska,09:00:00,09:30:00,00:30:00,ogrody OGDY42,kórnicka KORN45,19
909,909,2025-11-07,7 połabska,09:00:00,09:30:00,00:30:00,ogrody OGDY42,kórnicka KORN45,19
910,910,2025-11-07,7 połabska,09:00:00,09:30:00,00:30:00,ogrody OGDY42,kórnicka KORN45,19
911,911,2025-11-07,7 połabska,09:00:00,09:30:00,00:30:00,ogrody OGDY42,kórnicka KORN45,19
912,912,2025-11-07,7 połabska,09:00:00,09:30:00,00:30:00,ogrody OGDY42,kórnicka KORN45,19
913,913,2025-11-07,7 połabska,09:00:00,09:30:00,00:30:00,ogrody OGDY42,kórnicka KORN45,19
914,914,2025-11-07,7 połabska,09:00:00,09:30:00,00:30:00,ogrody OGDY42,kórnicka KORN45,19
915,915,2025-11-07,7 połabska,09:00:00,09:30:00,00:30:00,ogrody OGDY42,kórnicka KORN45,19
916,916,2025-11-07,7 połabska,09:00:00,09:30:00,00:30:00,ogrody OGDY42,kórnicka KORN45,19
917,917,2025-11-07,7 połabska,09:00:00,09:30:00,00:30:00,ogrody OGDY42,kórnicka KORN45,19
918,918,2025-11-07,7 połabska,09:00:00,09:30:00,00:30:00,ogrody OGDY42,kórnicka KORN45,19
919,919,2025-11-07,7 połabska,09:00:00,09:30:00,00:30:00,ogrody OGDY42,kórnicka KORN45,19
920,920,2025-11-07,7 połabska,09:00:00,09:30:00,00:30:00,ogrody OGDY42,kórnicka KORN45,19
921,921,2025-11-07,7 połabska,09:00:00,09:30:00,00:30:00,ogrody OGDY42,kórnicka KORN45,19
922,922,2025-11-07,7 połabska,09:00:00,09:30:00,00:30:00,ogrody OGDY42,kórnicka KORN45,19
923,923,2025-11-07,7 połabska,09:00:00,09:30:00,00:30:00,ogrody OGDY42,kórnicka KORN45,19
924,924,2025-11-07,7 połabska,09:00:00,09:30:00,00:30:00,ogrody OGDY42,kórnicka KORN45,19
925,925,2025-11-07,7 połabska,09:00:00,09:30:00,00:30:00,ogrody OGDY42,kórnicka KORN45,19
926,926,2025-11-07,7 połabska,09:00:00,09:30:00,00:30:00,ogrody OGDY42,kórnicka KORN45,19
927,927,2025-11-07,7 połabska,09:00:00,09:30:00,00:30:00,ogrody OGDY42,kórnicka KORN45,19
928,928,2025-11-07,7 połabska,09:00:00,09:30:00,00:30:00,ogrody OGDY42,kórnicka KORN45,19
929,929,2025-11-07,7 połabska,09:00:00,09:30:00,00:30:00,ogrody OGDY42,kórnicka KORN45,19
930,930,2025-11-07,7 połabska,09:00:00,09:30:00,00:30:00,ogrody OGDY42,kórnicka KORN45,19
931,931,2025-11-07,7 połabska,09:00:00,09:30:00,00:30:00,ogrody OGDY42,kórnicka KORN45,19
932,932,2025-11-07,7 połabska,09:00:00,09:30:00,00:30:00,ogrody OGDY42,kórnicka KORN45,19
933,933,2025-11-07,7 połabska,09:00:00,09:30:00,00:30:00,ogrody OGDY42,kórnicka KORN45,19
934,934,2025-11-07,7 połabska,09:00:00,09:30:00,00:30:00,ogrody OGDY42,kórnicka KORN45,19
935,935,2025-11-07,7 połabska,09:00:00,09:30:00,00:30:00,ogrody OGDY42,kórnicka KORN45,19
936,936,2025-11-07,7 połabska,09:00:00,09:30:00,00:30:00,ogrody OGDY42,kórnicka KORN45,19
937,937,2025-11-07,7 połabska,09:00:00,09:30:00,00:30:00,ogrody OGDY42,kórnicka KORN45,19
938,938,2025-11-07,7 połabska,09:00:00,09:30:00,00:30:00,ogrody OGDY42,kórnicka KORN45,19
939,939,2025-11-07,7 połabska,09:00:00,09:30:00,00:30:00,ogrody OGDY42,kórnicka KORN45,19
940,940,2025-11-07,7 połabska,09:00:00,09:30:00,00:30:00,ogrody OGDY42,kórnicka KORN45,19
941,941,2025-11-07,7 połabska,09:00:00,09:30:00,00:30:00,ogrody OGDY42,kórnicka KORN45,19
942,942,2025-11-07,7 połabska,09:00:00,09:30:00,00:30:00,ogrody OGDY42,kórnicka KORN45,19
943,943,2025-11-07,7 połabska,09:00:00,09:30:00,00:30:00,ogrody OGDY42,kórnicka KORN45,19
944,944,2025-11-07,7 połabska,09:00:00,09:30:00,00:30:00,ogrody OGDY42,kórnicka KORN45,19
945,945,2025-11-07,7 połabska,09:00:00,09:30:00,00:30:00,ogrody OGDY42,kórnicka KORN45,19
946,946,2025-11-07,7 połabska,09:00:00,09:30:00,00:30:00,ogrody OGDY42,kórnicka KORN45,19
947,947,2025-11-07,7 połabska,09:00:00,09:30:00,00:30:00,ogrody OGDY42,kórnicka KORN45,19
948,948,2025-11-07,7 połabska,09:00:00,09:30:00,00:30:00,ogrody OGDY42,kórnicka KORN45,19
949,949,2025-11-07,7 połabska,09:00:00,09:30:00,00:30:00,ogrody OGDY42,kórnicka KORN45,19
950,950,2025-11-07,7 połabska,09:00:00,09:30:00,00:30:00,ogrody OGDY42,kórnicka KORN45,19
951,951,2025-11-08,7 połabska,09:00:00,09:30:00,00:30:00,ogrody OGDY42,kórnicka KORN45,19
952,952,2025-11-08,7 połabska,09:00:00,09:30:00,00:30:00,ogrody OGDY42,kórnicka KORN45,19
953,953,2025-11-08,7 połabska,09:00:00,09:30:00,00:30:00,ogrody OGDY42,kórnicka KORN45,19
954,954,2025-11-08,7 połabska,09:00:00,09:30:00,00:30:00,ogrody OGDY42,kórnicka KORN45,19
955,955,2025-11-08,7 połabska,09:00:00,09:30:00,00:30:00,ogrody OGDY42,kórnicka KORN45,19
956,956,2025-11-08,7 połabska,09:00:00,09:30:00,00:30:00,ogrody OGDY42,kórnicka KORN45,19
957,957,2025-11-08,7 połabska,09:00:00,09:30:00,00:30:00,ogrody OGDY42,kórnicka KORN45,19
958,958,2025-11-08,7 połabska,09:00:00,09:30:00,00:30:00,ogrody OGDY42,kórnicka KORN45,19
959,959,2025-11-08,7 połabska,09:00:00,09:30:00,00:30:00,ogrody OGDY42,kórnicka KORN45,19
960,960,2025-11-08,7 połabska,09:00:00,09:30:00,00:30:00,ogrody OGDY42,kórnicka KORN45,19
961,961,2025-11-08,7 połabska,09:00:00,09:30:00,00:30:00,ogrody OGDY42,kórnicka KORN45,19
962,962,2025-11-08,7 połabska,09:00:00,09:30:00,00:30:00,ogrody OGDY42,kórnicka KORN45,19
963,963,2025-11-08,7 połabska,09:00:00,09:30:00,00:30:00,ogrody OGDY42,kórnicka KORN45,19
964,964,2025-11-08,7 połabska,09:00:00,09:30:00,00:30:00,ogrody OGDY42,kórnicka KORN45,19
965,965,2025-11-08,7 połabska,09:00:00,09:30:00,00:30:00,ogrody OGDY42,kórnicka KORN45,19
966,966,2025-11-08,7 połabska,09:00:00,09:30:00,00:30:00,ogrody OGDY42,kórnicka KORN45,19
967,967,2025-11-08,7 połabska,09:00:00,09:30:00,00:30:00,ogrody OGDY42,kórnicka KORN45,19
968,968,2025-11-08,7 połabska,09:00:00,09:30:00,00:30:00,ogrody OGDY42,kórnicka KORN45,19
969,969,2025-11-08,7 połabska,09:00:00,09:30:00,00:30:00,ogrody OGDY42,kórnicka KORN45,19
970,970,2025-11-08,7 połabska,09:00:00,09:30:00,00:30:00,ogrody OGDY42,kórnicka KORN45,19
971,971,2025-11-08,7 połabska,09:00:00,09:30:00,00:30:00,ogrody OGDY42,kórnicka KORN45,19
972,972,2025-11-08,7 połabska,09:00:00,09:30:00,00:30:00,ogrody OGDY42,kórnicka KORN45,19
973,973,2025-11-08,7 połabska,09:00:00,09:30:00,00:30:00,ogrody OGDY42,kórnicka KORN45,19
974,974,2025-11-08,7 połabska,09:00:00,09:30:00,00:30:00,ogrody OGDY42,kórnicka KORN45,19
975,975,2025-11-08,7 połabska,09:00:00,09:30:00,00:30:00,ogrody OGDY42,kórnicka KORN45,19
976,976,2025-11-08,7 połabska,09:00:00,09:30:00,00:30:00,ogrody OGDY42,kórnicka KORN45,19
977,977,2025-11-08,7 połabska,09:00:00,09:30:00,00:30:00,ogrody OGDY42,kórnicka KORN45,19
978,978,2025-11-08,7 połabska,09:00:00,09:30:00,00:30:00,ogrody OGDY42,kórnicka KORN45,19
979,979,2025-11-08,7 połabska,09:00:00,09:30:00,00:30:00,ogrody OGDY42,kórnicka KORN45,19
980,980,2025-11-08,7 połabska,09:00:00,09:30:00,00:30:00,ogrody OGDY42,kórnicka KORN45,19
981,981,2025-11-08,7 połabska,09:00:00,09:30:00,00:30:00,ogrody OGDY42,kórnicka KORN45,19
982,982,2025-11-08,7 połabska,09:00:00,09:30:00,00:30:00,ogrody OGDY42,kórnicka KORN45,19
983,983,2025-11-08,7 połabska,09:00:00,09:30:00,00:30:00,ogrody OGDY42,kórnicka KORN45,19
984,984,2025-11-08,7 połabska,09:00:00,09:30:00,00:30:00,ogrody OGDY42,kórnicka KORN45,19
985,985,2025-11-08,7 połabska,09:00:00,09:30:00,00:30:00,ogrody OGDY42,kórnicka KORN45,19
986,986,2025-11-08,7 połabska,09:00:00,09:30:00,00:30:00,ogrody OGDY42,kórnicka KORN45,19
987,987,2025-11-08,7 połabska,09:00:00,09:30:00,00:30:00,ogrody OGDY42,kórnicka KORN45,19
988,988,2025-11-08,7 połabska,09:00:00,09:30:00,00:30:00,ogrody OGDY42,kórnicka KORN45,19
989,989,2025-11-08,7 połabska,09:00:00,09:30:00,00:30:00,ogrody OGDY42,kórnicka KORN45,19
990,990,2025-11-08,7 połabska,09:00:00,09:30:00,00:30:00,ogrody OGDY42,kórnicka KORN45,19
991,991,2025-11-08,7 połabska,09:00:00,09:30:00,00:30:00,ogrody OGDY42,kórnicka KORN45,19
992,992,2025-11-08,7 połabska,09:00:00,09:30:00,00:30:00,ogrody OGDY42,kórnicka KORN45,19
993,993,2025-11-08,7 połabska,09:00:00,09:30:00,00:30:00,ogrody OGDY42,kórnicka KORN45,19
994,994,2025-11-08,7 połabska,09:00:00,09:30:00,00:30:00,ogrody OGDY42,kórnicka KORN45,19
995,995,2025-11-08,7 połabska,09:00:00,09:30:00,00:30:00,ogrody OGDY42,kórnicka KORN45,19
996,996,2025-11-08,7 połabska,09:00:00,09:30:00,00:30:00,ogrody OGDY42,kórnicka KORN45,19
997,997,2025-11-08,7 połabska,09:00:00,09:30:00,00:30:00,ogrody OGDY42,kórnicka KORN45,19
998,998,2025-11-08,7 połabska,09:00:00,09:30:00,00:30:00,ogrody OGDY42,kórnicka KORN45,19
999,999,2025-11-08,7 połabska,09:00:00,09:30:00,00:30:00,ogrody OGDY42,kórnicka KORN45,19
1000,1000,2025-11-08,7 połabska,09:00:00,09:30:00,00:30:00,ogrody OGDY42,kórnicka KORN45,19
1001,1001,2025-11-08,7 połabska,09:00:00,09:30:00,00:30:00,ogrody OGDY42,kórnicka KORN45,19
